DROP TABLE IF EXISTS `app_status`;
CREATE TABLE `app_status` (
  `status_id` int(11) NOT NULL AUTO_INCREMENT,
  `status_name` varchar(30) NOT NULL,
  `process_id` int(11) NOT NULL,
  `color` varchar(40) DEFAULT NULL,
  PRIMARY KEY (`status_id`)
) ENGINE=InnoDB DEFAULT CHARSET=utf8;

INSERT INTO `app_status` (`status_id`, `status_name`, `process_id`, `color`) VALUES
(1,	'Submitted',	1,	'#1C8C2B'),
(2,	'Verified',	1,	'#f39c12'),
(3,	'Recommended for Approval',	1,	'#00a65a'),
(4,	'Ready for Decision',	1,	'#f39c12'),
(5,	'Shortfall',	1,	'#dd4b39'),
(6,	'Recommended for Approval',	1,	'#E5498A'),
(7,	'Job in Hold',	1,	'#f39c12'),
(8,	'Discard',	1,	'#dd4b39'),
(9,	'Send to SB/NSI',	1,	'#00c0ef'),
(10,	'Re-Submitted',	1,	'#C483E2'),
(12,	'Approved',	1,	'#C483E2'),
(13,	'Dispatch',	1,	'#00c0ef'),
(14,	'Posting',	1,	'#00c0ef'),
(15,	'Draft',	1,	'#C9CFD1');

DROP TABLE IF EXISTS `area_info`;
CREATE TABLE `area_info` (
  `area_id` int(11) NOT NULL AUTO_INCREMENT,
  `area_nm` varchar(50) DEFAULT NULL,
  `pare_id` int(11) DEFAULT NULL,
  `area_type` tinyint(4) DEFAULT NULL,
  `area_nm_ban` varchar(255) DEFAULT NULL,
  PRIMARY KEY (`area_id`)
) ENGINE=MyISAM DEFAULT CHARSET=utf8;

INSERT INTO `area_info` (`area_id`, `area_nm`, `pare_id`, `area_type`, `area_nm_ban`) VALUES
(1,	'Dhaka',	0,	1,	'????'),
(2,	'Dhaka',	1,	2,	'????'),
(3,	'Dhamrai',	2,	3,	'??????'),
(4,	'Dohar',	2,	3,	'??????'),
(5,	'Keraniganj',	2,	3,	'??????????'),
(6,	'Nawabganj',	2,	3,	'????????'),
(7,	'Savar',	2,	3,	'?????'),
(8,	'Faridpur',	1,	2,	'???????'),
(9,	'Alfadanga',	8,	3,	'??????????'),
(10,	'Bhanga',	8,	3,	'??????'),
(11,	'Boalmari',	8,	3,	'??????????'),
(12,	'Char Bhadrasan',	8,	3,	'?????????'),
(13,	'Faridpur Sadar',	8,	3,	'??????? ???'),
(14,	'Madhukhali',	8,	3,	'???????'),
(15,	'Nagarkanda',	8,	3,	'?????????'),
(16,	'Sadarpur',	8,	3,	'??????'),
(17,	'Gazipur',	1,	2,	'???????'),
(18,	'Gazipur Sadar',	17,	3,	'??????? ???'),
(19,	'Kaliakoir',	17,	3,	'?????????'),
(20,	'Kaliganj',	17,	3,	'????????'),
(21,	'Kapasia',	17,	3,	'????????'),
(22,	'Sreepur',	17,	3,	'???????'),
(23,	'Gopalganj',	1,	2,	'??????????'),
(24,	'Gopalganj Sadar',	23,	3,	'?????????? ???'),
(25,	'Kasiani',	23,	3,	'????????'),
(26,	'Kotalipara',	23,	3,	'???????????'),
(27,	'Maksudpur',	23,	3,	'????????'),
(28,	'Tungipara',	23,	3,	'??????????'),
(29,	'Jamalpur',	1,	2,	'????????'),
(30,	'Bakshiganj',	29,	3,	'????????'),
(31,	'Dewanganj',	29,	3,	'??????????'),
(32,	'Islampur',	29,	3,	'????????'),
(33,	'Jamalpur Sadar',	29,	3,	'???????? ???'),
(34,	'Madarganj',	29,	3,	'?????????'),
(35,	'Melandah',	29,	3,	'????????'),
(36,	'Sharishabari',	29,	3,	'?????????'),
(37,	'Kishoreganj',	1,	2,	'?????????? '),
(38,	'Austogram',	37,	3,	'?????????'),
(39,	'Bajitpur',	37,	3,	'????????'),
(40,	'Bhairab',	37,	3,	'????'),
(41,	'Hosainpur',	37,	3,	'?????????'),
(42,	'Itna',	37,	3,	'????'),
(43,	'Karimganj',	37,	3,	'????????'),
(44,	'Katiadi',	37,	3,	'???????'),
(45,	'Kishoreganj Sadar',	37,	3,	'?????????? ???'),
(46,	'Kuliarchar',	37,	3,	'?????????'),
(47,	'Mithamain',	37,	3,	'???????'),
(48,	'Nikli',	37,	3,	'?????'),
(49,	'Pakundia',	37,	3,	'??????????'),
(50,	'Tarail',	37,	3,	'??????'),
(51,	'Madaripur',	1,	2,	'?????????'),
(52,	'Kalkini',	51,	3,	'???????'),
(53,	'Madaripur Sadar',	51,	3,	'????????? ???'),
(54,	'Rajoir',	51,	3,	'?????'),
(55,	'Shibchar',	51,	3,	'?????'),
(56,	'Manikganj',	1,	2,	'????????? '),
(57,	'Daulatpur',	56,	3,	'????????'),
(58,	'Ghior',	56,	3,	'????'),
(59,	'Harirampur',	56,	3,	'?????????'),
(60,	'Manikganj Sadar',	56,	3,	'????????? ???'),
(61,	'Saturia',	56,	3,	'????????'),
(62,	'Shibalaya',	56,	3,	'??????'),
(63,	'Singair',	56,	3,	'???????'),
(64,	'Munshiganj',	1,	2,	'??????????'),
(65,	'Gazaria',	64,	3,	'???????'),
(66,	'Lauhajang',	64,	3,	'??????'),
(67,	'Munshiganj Sadar',	64,	3,	'?????????? ???'),
(68,	'Serajdikhan',	64,	3,	' ??????????'),
(69,	'Sreenagar',	64,	3,	'???????'),
(70,	'Tangibari',	64,	3,	'????????'),
(71,	'Mymensingh',	1,	2,	'????????'),
(72,	'Bhaluka',	71,	3,	'??????'),
(73,	'Dhubaura',	71,	3,	'????????'),
(74,	'Fulbaria',	71,	3,	'?????????'),
(75,	'Fulpur',	71,	3,	'??????'),
(76,	'Goffargaon',	71,	3,	'???????'),
(77,	'Gouripur',	71,	3,	'????????'),
(78,	'Haluaghat',	71,	3,	'?????????'),
(79,	'Iswarganj',	71,	3,	'?????????'),
(80,	'Mymensingh Sadar',	71,	3,	'???????? ???'),
(81,	'Muktagacha',	71,	3,	'??????????'),
(82,	'Nandail',	71,	3,	'????????'),
(83,	'Trishal',	71,	3,	' ???????'),
(84,	'Narayanganj',	1,	2,	'??????????'),
(85,	'Araihazar',	84,	3,	'?????????'),
(86,	'Bandar',	84,	3,	'?????'),
(87,	'Narayanganj Sadar',	84,	3,	'?????????? ???'),
(88,	'Rupganj',	84,	3,	'???????'),
(89,	'Sonargaon',	84,	3,	'?????????'),
(90,	'Norshingdi',	1,	2,	'???????'),
(91,	'Belabo',	90,	3,	'???????'),
(92,	'Monohardi',	90,	3,	'????????'),
(93,	'Norshingdi Sadar',	90,	3,	'??????? ???'),
(94,	'Palash',	90,	3,	'????'),
(95,	'Raipura',	90,	3,	'???????'),
(96,	'Shibpur',	90,	3,	'??????'),
(97,	'Netrokona',	1,	2,	'??????????'),
(98,	'Atpara',	97,	3,	'??????'),
(99,	'Barhatta',	97,	3,	'?????????'),
(100,	'Durgapur',	97,	3,	'?????????'),
(101,	'Kalmakanda',	97,	3,	'?????????'),
(102,	'Kendua',	97,	3,	'????????'),
(103,	'Khaliajuri',	97,	3,	'??????????'),
(104,	'Madan',	97,	3,	'???'),
(105,	'Mohanganj',	97,	3,	'?????????'),
(106,	'Netrokona Sadar',	97,	3,	'?????????? ???'),
(107,	'Purbadhala',	97,	3,	'????????'),
(108,	'Rajbari',	1,	2,	'???????'),
(109,	'Baliakandi',	108,	3,	'????????????'),
(110,	'Goalunda',	108,	3,	'?????????'),
(111,	'Pangsha',	108,	3,	'?????'),
(112,	'Rajbari Sadar',	108,	3,	'??????? ???'),
(113,	'Bhedarganj',	114,	3,	'????????'),
(114,	'Shariatpur',	1,	2,	'???????? '),
(115,	'Damudiya',	114,	3,	'????????'),
(116,	'Gosairhat',	114,	3,	'??????????'),
(117,	'Zajira',	114,	3,	'??????'),
(118,	'Naria',	114,	3,	'?????'),
(119,	'Shariatpur Sadar',	114,	3,	'???????? ???'),
(120,	'Sherpur',	1,	2,	'??????'),
(121,	'Jhenaigati',	120,	3,	'?????????'),
(122,	'Nakla',	120,	3,	'????'),
(123,	'Nalitabari',	120,	3,	'??????????'),
(124,	'Sherpur Sadar',	120,	3,	'?????? ???'),
(125,	'Sribordi',	120,	3,	'?????????'),
(126,	'Tangail',	1,	2,	'???????? '),
(127,	'Bashail',	126,	3,	'??????'),
(128,	'Bhuapur',	126,	3,	'????????'),
(129,	'Delduar',	126,	3,	'????????'),
(130,	'Ghatail',	126,	3,	'??????'),
(131,	'Gopalpur',	126,	3,	'?????????'),
(132,	'Kalihati',	126,	3,	'????????'),
(133,	'Mirzapur',	126,	3,	'?????????'),
(134,	'Modhupur',	126,	3,	'??????'),
(135,	'Nagarpur',	126,	3,	'???????'),
(136,	'Shakhipur',	126,	3,	'??????'),
(137,	'Tangail Sadar',	126,	3,	'???????? ???'),
(138,	'Khulna',	0,	1,	'????? '),
(139,	'Bagerhat',	138,	2,	'????????'),
(140,	'Bagerhat Sadar',	139,	3,	'???????? ???'),
(141,	'Chitalmari',	139,	3,	'????????'),
(142,	'Fakirhat',	139,	3,	'???????'),
(143,	'Kachua',	139,	3,	'?????'),
(144,	'Mollarhat',	139,	3,	'???????????'),
(145,	'Mongla',	139,	3,	'????'),
(146,	'Morelganj',	139,	3,	'??????????'),
(147,	'Rampal',	139,	3,	'??????'),
(148,	'Sarankhola',	139,	3,	'????????'),
(149,	'Chuadanga',	138,	2,	'????????? '),
(150,	'Alamdanga',	149,	3,	'?????????'),
(151,	'Chuadanga Sadar',	149,	3,	'?????????? ???'),
(152,	'Damurhuda',	149,	3,	'?????????'),
(153,	'Jibannagar',	149,	3,	'???????'),
(154,	'Jessore',	138,	2,	'?????'),
(155,	'Abhoynagar',	154,	3,	'??????'),
(156,	'Bagherpara',	154,	3,	'?????????'),
(157,	'Chowgacha',	154,	3,	'???????'),
(158,	'Jessore Sadar',	154,	3,	'????? ???'),
(159,	'Jhikargacha',	154,	3,	'????????'),
(160,	'Keshabpur',	154,	3,	'???????'),
(161,	'Manirampur',	154,	3,	'?????????'),
(162,	'Sharsha',	154,	3,	'??????'),
(163,	'Jhenaidah',	138,	2,	'??????? '),
(164,	'Kotchandpur',	163,	3,	'????????????'),
(165,	'Harinakunda',	163,	3,	'??????????'),
(166,	'Jhenaidah Sadar',	163,	3,	'??????? ???'),
(167,	'Kaliganj',	163,	3,	'????????'),
(168,	'Moheshpur',	163,	3,	'???????'),
(169,	'Shailkupa',	163,	3,	'???????'),
(170,	'Khulna',	138,	2,	'?????'),
(171,	'Batiaghata',	170,	3,	'??????????'),
(172,	'Dacope',	170,	3,	'??????'),
(173,	'Dighalia',	170,	3,	'???????'),
(174,	'Dumuria',	170,	3,	'????????'),
(175,	'Phultala',	170,	3,	'??????'),
(176,	'Koira',	170,	3,	'????'),
(177,	'Paikgacha',	170,	3,	'????????'),
(178,	'Rupsa',	170,	3,	'?????'),
(179,	'Terokhada',	170,	3,	'???????'),
(180,	'Kushtia',	138,	2,	'???????? '),
(181,	'Bheramara',	180,	3,	'????????'),
(182,	'Daulatpur',	180,	3,	'????????'),
(183,	'Khoksha',	180,	3,	'??????'),
(184,	'Kumarkhali',	180,	3,	'?????????'),
(185,	'Kushtia Sadar',	180,	3,	'???????? ???'),
(186,	'Mirpur',	180,	3,	'??????'),
(187,	'Magura',	138,	2,	'?????? '),
(188,	'Magura Sadar',	187,	3,	'?????? ???'),
(189,	'Mohammadpur',	187,	3,	'????????????'),
(190,	'Shalikha',	187,	3,	'??????'),
(191,	'Sreepur',	187,	3,	'???????'),
(192,	'Meherpur',	138,	2,	'???????? '),
(193,	'Gangni',	192,	3,	'?????'),
(194,	'Meherpur Sadar',	192,	3,	'???????? ???'),
(195,	'Mujibnagar',	192,	3,	'????????'),
(196,	'Narail',	138,	2,	'?????'),
(197,	'Kalia',	196,	3,	'??????'),
(198,	'Lohagara',	196,	3,	'????????'),
(199,	'Narail Sadar',	196,	3,	'????? ???'),
(200,	'Satkhira',	138,	2,	'????????? '),
(201,	'Assasuni',	200,	3,	'???????'),
(202,	'Debhata',	200,	3,	'???????'),
(203,	'Kaliganj',	200,	3,	'????????'),
(204,	'Kolaroa',	200,	3,	'????????'),
(205,	'Satkhira Sadar',	200,	3,	'????????? ???'),
(206,	'Shyamnagar',	200,	3,	'????????'),
(207,	'Tala',	200,	3,	'????'),
(208,	'Rajshahi',	0,	1,	'??????? '),
(209,	'Bogra',	208,	2,	'????? '),
(210,	'Adamdighi',	209,	3,	'???????'),
(211,	'Bogra Sadar',	209,	3,	'????? ???'),
(212,	'Dhunot',	209,	3,	'????'),
(213,	'Dhubchanchia',	209,	3,	'?????????'),
(214,	'Gabtali',	209,	3,	'??????'),
(215,	'Kahaloo',	209,	3,	'??????'),
(216,	'Majhira',	209,	3,	'??????'),
(217,	'Nandigram',	209,	3,	'??????????'),
(218,	'Sariakandi',	209,	3,	'????????????'),
(219,	'Sherpur',	209,	3,	'??????'),
(220,	'Shibganj',	209,	3,	'???????'),
(221,	'Sonatola',	209,	3,	'????????'),
(222,	'Chapai Nawabganj',	208,	2,	'?????????????? '),
(223,	'Bholahat',	222,	3,	'????????'),
(224,	'Gomastapur',	222,	3,	'??????????'),
(225,	'Nachole',	222,	3,	'?????'),
(226,	'Nawabganj Sadar',	222,	3,	'???????? ???'),
(227,	'Shipganj',	222,	3,	'???????'),
(228,	'Dinajpur',	556,	2,	'????????'),
(229,	'Birampur',	228,	3,	'????????'),
(230,	'Birganj',	228,	3,	'???????'),
(231,	'Birol',	228,	3,	'????'),
(232,	'Bochaganj',	228,	3,	'??????????'),
(233,	'Chirirbandar',	228,	3,	'??????????'),
(234,	'Dinajpur Sadar',	228,	3,	'???????? ???'),
(235,	'Phulbari',	228,	3,	'???????'),
(236,	'Ghoraghat',	228,	3,	'????????'),
(237,	'Hakimpur',	228,	3,	'????????'),
(238,	'Kaharole',	228,	3,	'????????'),
(239,	'Khanshama',	228,	3,	'???????'),
(240,	'Nawabganj',	228,	3,	'????????'),
(241,	'Parbatipur',	228,	3,	'??????????'),
(242,	'Gaibandha',	556,	2,	'????????? '),
(243,	'Fulchari',	242,	3,	'??????'),
(244,	'Gaibandha Sadar',	242,	3,	'????????? ???'),
(245,	'Gobindaganj',	242,	3,	'????????????'),
(246,	'Palashbari',	242,	3,	'????????'),
(247,	'Sadullapur',	242,	3,	'???????????'),
(248,	'Shaghatta',	242,	3,	'??????'),
(249,	'Sundarganj',	242,	3,	'??????????'),
(250,	'Joypurhat',	208,	2,	'????????'),
(251,	'Akkelpur',	250,	3,	'?????????'),
(252,	'Joypurhat Sadar',	250,	3,	'???????? ???'),
(253,	'Kalai',	250,	3,	'?????'),
(254,	'Khetlal',	250,	3,	'????????'),
(255,	'Panchbibi',	250,	3,	'????????'),
(256,	'Kurigram',	556,	2,	'????????? '),
(257,	'Bhurungamari',	256,	3,	'????????????'),
(258,	'Chilmary',	256,	3,	'???????'),
(259,	'Fulbari',	256,	3,	'???????'),
(260,	'Kurigram Sadar',	256,	3,	'????????? ???'),
(261,	'Nageswari',	256,	3,	'?????????'),
(262,	'Rajarhat',	256,	3,	'????????'),
(263,	'Rajibpur',	256,	3,	'????????'),
(264,	'Rowmari',	256,	3,	'???????'),
(265,	'Ulipur',	256,	3,	'??????'),
(266,	'Lalmonirhat',	556,	2,	'??????????'),
(267,	'Aditmari',	266,	3,	'????????'),
(268,	'Hatibandha',	266,	3,	'??????????'),
(269,	'Kaliganj',	266,	3,	'????????'),
(270,	'Lalmonirhat Sadar',	266,	3,	'?????????? ???'),
(271,	'Patgram',	266,	3,	'????????'),
(272,	'Naogaon',	208,	2,	'????? � '),
(273,	'Atrai',	272,	3,	'??????'),
(274,	'Badalgachi',	272,	3,	'???????'),
(275,	'Dhamoirhat',	272,	3,	'????????'),
(276,	'Manda',	272,	3,	'????????'),
(277,	'Mahadebpur',	272,	3,	'?????????'),
(278,	'Naogaon Sadar',	272,	3,	'????? ???'),
(279,	'Niamatpur',	272,	3,	'?????????'),
(280,	'Patnitala',	272,	3,	'????????'),
(281,	'Porsha',	272,	3,	'??????'),
(282,	'Raninagar',	272,	3,	'???????'),
(283,	'Shapahar',	272,	3,	'???????'),
(284,	'Natore',	208,	2,	'??????'),
(285,	'Baghatipara',	284,	3,	'??????????'),
(286,	'Baraigram',	284,	3,	'?????????'),
(287,	'Gurudaspur',	284,	3,	'??????????'),
(288,	'Lalpur',	284,	3,	'??????'),
(289,	'Natore Sadar',	284,	3,	'?????? ???'),
(290,	'Singra',	284,	3,	'?????'),
(291,	'Nilphamari',	556,	2,	'?????????'),
(292,	'Dimla',	291,	3,	'?????'),
(293,	'Domar',	291,	3,	'??????'),
(294,	'Jaldhaka',	291,	3,	'??????'),
(295,	'Kishoreganj',	291,	3,	'??????????'),
(296,	'Nilphamari Sadar',	291,	3,	'????????? ???'),
(297,	'Saidpur',	291,	3,	'???????'),
(298,	'Pabna',	208,	2,	'?????'),
(299,	'Atgharia',	298,	3,	'???????'),
(300,	'Bera',	298,	3,	'????'),
(301,	'Bhangura',	298,	3,	'????????'),
(302,	'Chatmohar',	298,	3,	'?????????'),
(303,	'Faridpur',	298,	3,	'???????'),
(304,	'Iswardi',	298,	3,	'???????'),
(305,	'Pabna Sadar',	298,	3,	'????? ???'),
(306,	'Santhia',	298,	3,	'???????'),
(307,	'Sujanagar',	298,	3,	' ???????'),
(308,	'Panchagarh',	556,	2,	'??????'),
(309,	'Atwari',	308,	3,	'????????'),
(310,	'Boda',	308,	3,	'?????'),
(311,	'Debiganj',	308,	3,	'????????'),
(312,	'Panchagarh Sadar',	308,	3,	'?????? ???'),
(313,	'Tetulia',	308,	3,	'????????'),
(314,	'Rajshahi',	208,	2,	'???????'),
(315,	'Bagha',	314,	3,	'????'),
(316,	'Bagmara',	314,	3,	'???????'),
(317,	'Charghat',	314,	3,	'??????'),
(318,	'Durgapur',	314,	3,	'?????????'),
(319,	'Godagari',	314,	3,	'?????????'),
(320,	'Mohanpur',	314,	3,	'????????'),
(321,	'Paba',	314,	3,	'???'),
(322,	'Putia',	314,	3,	'??????'),
(323,	'Tanore',	314,	3,	'??????'),
(324,	'Rangpur',	556,	2,	'?????'),
(325,	'Badarganj',	324,	3,	'???????'),
(326,	'Gangachara',	324,	3,	'???????'),
(327,	'Kaunia',	324,	3,	'???????'),
(328,	'Mithapukur',	324,	3,	'?????????'),
(329,	'Pirgacha',	324,	3,	'???????'),
(330,	'Pirganj',	324,	3,	'???????'),
(331,	'Rangpur Sadar',	324,	3,	'????? ???'),
(332,	'Taraganj',	324,	3,	'????????'),
(333,	'Sirajganj',	208,	2,	'?????????'),
(334,	'Belkuchi',	333,	3,	'???????'),
(335,	'Chowhali',	333,	3,	'???????'),
(336,	'Kamarkhanda',	333,	3,	'??????????'),
(337,	'Kazipur',	333,	3,	'???????'),
(338,	'Raiganj',	333,	3,	'???????'),
(339,	'Shahajadpur',	333,	3,	'??????????'),
(340,	'Serajganj Sadar',	333,	3,	'????????? ???'),
(341,	'Tarash',	333,	3,	'??????'),
(342,	'Ullapara',	333,	3,	'?????????'),
(343,	'Thakurgaon',	556,	2,	'?????????'),
(344,	'Baliadangi',	343,	3,	'????????????'),
(345,	'Haripur',	343,	3,	'??????'),
(346,	'Pirganj',	343,	3,	'???????'),
(347,	'Ranishankail',	343,	3,	'?????????'),
(348,	'Thakurgaon Sadar',	343,	3,	'????????? ???'),
(349,	'Sylhet',	0,	1,	'????? '),
(350,	'Habiganj',	349,	2,	'???????'),
(351,	'Ajmeriganj',	350,	3,	'??????????'),
(352,	'Bahubal',	350,	3,	'??????'),
(353,	'Baniachang',	350,	3,	'????????'),
(354,	'Chunarughat',	350,	3,	'?????????'),
(355,	'Habiganj Sadar',	350,	3,	'??????? ???'),
(356,	'Lakhai',	350,	3,	'?????'),
(357,	'Madhabpur',	350,	3,	'???????'),
(358,	'Nabiganj',	350,	3,	'???????'),
(359,	'Moulvibazar',	349,	2,	'???????????'),
(360,	'Barlekha',	359,	3,	'??????'),
(361,	'Kamalganj',	359,	3,	'???????'),
(362,	'Kulaura',	359,	3,	'???????'),
(363,	'Moulvibazar Sadar',	359,	3,	'??????????? ???'),
(364,	'Rajnagar',	359,	3,	'???????'),
(365,	'Sreemongal',	359,	3,	' ?????????'),
(366,	'Juri',	359,	3,	'????'),
(367,	'Sunamganj',	349,	2,	'????????? '),
(368,	'Biswambharpur',	367,	3,	'????????????'),
(369,	'Chattak',	367,	3,	'????'),
(370,	'Derai',	367,	3,	'?????'),
(371,	'Dharmapasha',	367,	3,	'????????'),
(372,	'Dowarabazar',	367,	3,	'????????????'),
(373,	'Jagannathpur',	367,	3,	'??????????'),
(374,	'Jamalganj',	367,	3,	'?????????'),
(375,	'Sulla',	367,	3,	'??????'),
(376,	'Sunamganj Sadar',	367,	3,	' ????????? ???'),
(377,	'Taherpur',	367,	3,	'???????'),
(378,	'Sylhet',	349,	2,	'?????'),
(379,	'Balaganj',	378,	3,	'????????'),
(380,	'Beanibazar',	378,	3,	'???????????'),
(381,	'Biswanath',	378,	3,	'????????'),
(382,	'Companyganj',	378,	3,	'?????????????'),
(383,	'Fenchuganj',	378,	3,	'??????????'),
(384,	'Gowainghat',	378,	3,	'??????????'),
(385,	'Golapganj',	378,	3,	'??????????'),
(386,	'Jaintapur',	378,	3,	'?????????'),
(387,	'Zakiganj',	378,	3,	'???????'),
(388,	'Kanaighat',	378,	3,	'????????'),
(389,	'Sylhet Sadar',	378,	3,	'????? ???'),
(390,	'South Surma',	378,	3,	'?????? ?????'),
(391,	'Barisal',	0,	1,	'?????? '),
(392,	'Barguna',	391,	2,	'?????? '),
(393,	'Amtali',	392,	3,	'?????'),
(394,	'Bamna',	392,	3,	'?????'),
(395,	'Barguna Sadar',	392,	3,	'?????? ???'),
(396,	'Betagi',	392,	3,	'??????'),
(397,	'Patharghata',	392,	3,	'????????'),
(398,	'Barisal',	391,	2,	'??????'),
(399,	'Agailjhara',	398,	3,	'???????'),
(400,	'Babuganj',	398,	3,	'????????'),
(401,	'Bakerganj',	398,	3,	'?????????'),
(402,	'Banaripara',	398,	3,	'??????????'),
(403,	'Barisal Sadar',	398,	3,	'?????? ???'),
(404,	'Gournadi',	398,	3,	'???????'),
(405,	'Hijla',	398,	3,	'?????'),
(406,	'Mehendiganj',	398,	3,	'??????????'),
(407,	'Muladi',	398,	3,	'??????'),
(408,	'Wazirpur',	398,	3,	'???????'),
(409,	'Bhola',	391,	2,	'?????'),
(410,	'Bhola Sadar',	409,	3,	'????? ???'),
(411,	'Borhanuddin',	409,	3,	'?????????????'),
(412,	'Charfession',	409,	3,	'????????'),
(413,	'Daulatkhan',	409,	3,	'????????'),
(414,	'Lalmohan',	409,	3,	'????????'),
(415,	'Manpura',	409,	3,	'??????'),
(416,	'Tajumuddin',	409,	3,	'?????????'),
(417,	'Jhalokathi',	391,	2,	'???????'),
(418,	'Jhalokathi Sadar',	417,	3,	'??????? ???'),
(419,	'Kathalia',	417,	3,	'????????'),
(420,	'Nalchiti',	417,	3,	'??????'),
(421,	'Rajapur',	417,	3,	'???????'),
(422,	'Patuakhali',	391,	2,	'????????? '),
(423,	'Bauphal',	422,	3,	'?????'),
(424,	'Dasmina',	422,	3,	'??????'),
(425,	'Dumki',	422,	3,	'?????'),
(426,	'Galachipa',	422,	3,	'???????'),
(427,	'Kalapara',	422,	3,	'???????'),
(428,	'Mirjaganj',	422,	3,	'??????????'),
(429,	'Patuakhali Sadar',	422,	3,	'????????? ???'),
(430,	'Perojpur',	391,	2,	'????????? '),
(431,	'Bhandaria',	430,	3,	'??????????'),
(432,	'Kaukhali',	430,	3,	'???????'),
(433,	'Mothbaria',	430,	3,	'????????'),
(434,	'Nesarabad (Shawrupkathi)',	430,	3,	'????????? (??????????)'),
(435,	'Nazirpur',	430,	3,	'????????'),
(436,	'Perojpur Sadar',	430,	3,	'????????? ???'),
(437,	'Zia Nagar (Indurkani)',	430,	3,	'???? ??? (??????????)'),
(438,	'Chittagong',	0,	1,	'????????? '),
(439,	'Bandarban',	438,	2,	'????????? '),
(440,	'Ali Kadam',	439,	3,	'??????'),
(441,	'Bandarban Sadar',	439,	3,	'????????? ???'),
(442,	'Lama',	439,	3,	'????'),
(443,	'Nakhoyngchari',	439,	3,	'??????????'),
(444,	'Rawanchari',	439,	3,	'?????????'),
(445,	'Ruma',	439,	3,	'????'),
(446,	'Thanchi',	439,	3,	'?????'),
(447,	'Brahmanbaria',	438,	2,	'??????????????'),
(448,	'Akhaura',	447,	3,	'??????'),
(449,	'Ashuganj',	447,	3,	'???????'),
(450,	'Bancharampur',	447,	3,	'????????????'),
(451,	'Brahmanbaria Sadar',	447,	3,	'?????????????? ???'),
(452,	'Kashba',	447,	3,	'????'),
(453,	'Nabinagar',	447,	3,	'??????'),
(454,	'Nasirnagar',	447,	3,	'????????'),
(455,	'Sarail',	447,	3,	'?????'),
(456,	'Chandpur',	438,	2,	'??????? '),
(457,	'Chandpur Sadar',	456,	3,	'??????? ???'),
(458,	'Faridganj',	456,	3,	'????????'),
(459,	'Haimchar',	456,	3,	'??????'),
(460,	'Hajiganj',	456,	3,	'????????'),
(461,	'Kachua',	456,	3,	'?????'),
(462,	'Matlab (South)',	456,	3,	'???? (??????)'),
(463,	'Matlab (North)(Chengarchar)',	456,	3,	'???? (?????)(????????)'),
(464,	'Shahrasti',	456,	3,	'?????????'),
(465,	'Chittagong',	438,	2,	'?????????'),
(466,	'Anwara',	465,	3,	'????????'),
(467,	'Banshkhali',	465,	3,	'????????'),
(468,	'Boalkhali',	465,	3,	'??????????'),
(469,	'Chandanaish',	465,	3,	'?????????'),
(470,	'Fatikchari',	465,	3,	'???????'),
(471,	'Hathazari',	465,	3,	'?????????'),
(472,	'Lohagara',	465,	3,	'????????'),
(473,	'Mirsarai',	465,	3,	'?????????'),
(474,	'Patiya',	465,	3,	'?????'),
(475,	'Rangunia',	465,	3,	'??????????'),
(476,	'Raujan',	465,	3,	'??????'),
(477,	'Sandwip',	465,	3,	'????????'),
(478,	'Satkania',	465,	3,	'?????????'),
(479,	'Sitakundu',	465,	3,	'?????????'),
(480,	'Comilla',	438,	2,	'????????'),
(481,	'Barura',	480,	3,	'?????'),
(482,	'Brahmanpara',	480,	3,	'????????????'),
(483,	'Burichang',	480,	3,	'??????'),
(484,	'Chandina',	480,	3,	'????????'),
(485,	'Chowddagram',	480,	3,	'???????????'),
(486,	'Comilla Sadar',	480,	3,	'???????? ???'),
(487,	'Daudkandi',	480,	3,	'??????????'),
(488,	'Debiduar',	480,	3,	'?????????'),
(489,	'Homna',	480,	3,	'??????'),
(490,	'Laksam',	480,	3,	'??????'),
(491,	'Meghna',	480,	3,	'?????'),
(492,	'Muradnagar',	480,	3,	'????????'),
(493,	'Nangolkot',	480,	3,	'??????????'),
(494,	'Titas',	480,	3,	'?????'),
(495,	'Monoharganj',	480,	3,	'??????????'),
(496,	'Comilla Sadar South',	480,	3,	'???????? ??? ??????'),
(497,	'Cox?s Bazar',	438,	2,	'?????????'),
(498,	'Chakoria',	497,	3,	'????????'),
(499,	'Cox?s Bazar Sadar',	497,	3,	'????????? ???'),
(500,	'Kutubdia',	497,	3,	'?????????'),
(501,	'Moheshkhali',	497,	3,	'????????'),
(502,	'Pekua',	497,	3,	'??????'),
(503,	'Ramu',	497,	3,	'????'),
(504,	'Teknaf',	497,	3,	'??????'),
(505,	'Ukhia',	497,	3,	'?????'),
(506,	'Feni',	438,	2,	'????'),
(507,	'Chagalnayya',	506,	3,	'?????????'),
(508,	'Daganbhuiyan',	506,	3,	'?????????'),
(509,	'Feni Sadar',	506,	3,	'???? ???'),
(510,	'Parshuram',	506,	3,	'????????'),
(511,	'Fulgazi',	506,	3,	'???????'),
(512,	'Sonagazi',	506,	3,	'????????'),
(513,	'Khagrachari',	438,	2,	'????????'),
(514,	'Dighinala',	513,	3,	'????????'),
(515,	'Khagrachari Sadar',	513,	3,	'???????? ???'),
(516,	'Laksmichari',	513,	3,	'??????????'),
(517,	'Mohalchari',	513,	3,	'???????'),
(518,	'Manikchari',	513,	3,	'????????'),
(519,	'Matiranga',	513,	3,	'??????????'),
(520,	'Panchari',	513,	3,	'??????'),
(521,	'Ramgor',	513,	3,	'?????'),
(522,	'Laksmipur',	438,	2,	'??????????'),
(523,	'Laksmipur Sadar',	522,	3,	'?????????? ???'),
(524,	'Ramgati',	522,	3,	'??????'),
(525,	'Ramganj',	522,	3,	'???????'),
(526,	'Raipur',	522,	3,	'??????'),
(527,	'Noakhali',	438,	2,	'?????????'),
(528,	'Begumganj',	527,	3,	'????????'),
(529,	'Chatkhil',	527,	3,	'??????'),
(530,	'Companiganj',	527,	3,	'?????????????'),
(531,	'Hatiya',	527,	3,	'??????'),
(532,	'Noakhali Sadar(Sudharam)',	527,	3,	'????????? ??? (???????)'),
(533,	'Senbag',	527,	3,	'??????'),
(534,	'Sonaimuri',	527,	3,	'??????????'),
(535,	'Subarnachar',	527,	3,	'????????'),
(536,	'Rangamati',	438,	2,	'?????????? '),
(537,	'Baghaichari',	536,	3,	'????????'),
(538,	'Barkal',	536,	3,	'????'),
(539,	'Belaichari',	536,	3,	'????????'),
(540,	'Jurachari',	536,	3,	'???????'),
(541,	'Kaptai',	536,	3,	'???????'),
(542,	'Kawkhali',	536,	3,	'???????'),
(543,	'Langadu',	536,	3,	'?????'),
(544,	'Naniarchar',	536,	3,	'?????????'),
(545,	'Rajasthali',	536,	3,	'????????'),
(546,	'Rangamati Sadar',	536,	3,	'????????? ???'),
(547,	'Kabir Hat',	527,	3,	'???????'),
(548,	'Dhanbari',	126,	3,	'??????'),
(549,	'Shajahanpur',	209,	3,	'???????????'),
(550,	'South Sunamganj',	367,	3,	' ?????? ?????????'),
(552,	'Kamalnagar',	522,	3,	'??????'),
(554,	'Saltha',	8,	3,	'?????'),
(555,	'Kalukhale',	108,	3,	'????????'),
(556,	'Rangpur',	0,	1,	'????? '),
(557,	'Bijoy Nagor',	447,	3,	'???????'),
(558,	'Rangabali',	422,	3,	'??????????'),
(559,	'Taltali',	392,	3,	'??????'),
(560,	'Tarakanda',	71,	3,	'??????????'),
(561,	'Noldanga',	284,	3,	'????????'),
(562,	'Adabor',	2,	3,	NULL),
(563,	'Airport',	2,	3,	NULL),
(564,	'Badda',	2,	3,	NULL),
(565,	'Cantonment',	2,	3,	NULL),
(566,	'Demra',	2,	3,	NULL),
(567,	'Dhanmondi',	2,	3,	NULL),
(568,	'Gulshan',	2,	3,	NULL),
(569,	'Hajaribag',	2,	3,	NULL),
(570,	'Kafrul',	2,	3,	NULL),
(571,	'Kamrangirchar',	2,	3,	NULL),
(572,	'Khilgaon',	2,	3,	NULL),
(573,	'Kotwali',	2,	3,	NULL),
(574,	'Lalbag',	2,	3,	NULL),
(575,	'Mirpur',	2,	3,	NULL),
(576,	'Mohammodpur',	2,	3,	NULL),
(577,	'New Market',	2,	3,	NULL),
(578,	'Motijheel',	2,	3,	NULL),
(579,	'Pallabi',	2,	3,	NULL),
(580,	'Paltan',	2,	3,	NULL),
(581,	'Ramna',	2,	3,	NULL),
(582,	'Sobujbag',	2,	3,	NULL),
(583,	'Sutrapur',	2,	3,	NULL),
(584,	'Shyampur',	2,	3,	NULL),
(585,	'Turag',	2,	3,	NULL),
(586,	'Tejgaon',	2,	3,	NULL),
(587,	'Uttara',	2,	3,	NULL),
(588,	'Banani',	2,	3,	'?????'),
(589,	'Adabor',	2,	3,	'?????'),
(590,	'Feni Sadar',	506,	3,	'???? ???'),
(591,	'New',	0,	1,	'???'),
(592,	'Sonagazi2',	0,	1,	'Songazi ?????');

DROP TABLE IF EXISTS `companies`;
CREATE TABLE `companies` (
  `company_id` int(11) NOT NULL AUTO_INCREMENT,
  `company_name` varchar(80) COLLATE utf8_unicode_ci NOT NULL,
  `company_type` varchar(40) COLLATE utf8_unicode_ci NOT NULL,
  `company_house_no` varchar(40) COLLATE utf8_unicode_ci NOT NULL,
  `company_flat_no` varchar(40) COLLATE utf8_unicode_ci DEFAULT NULL,
  `company_street` varchar(80) COLLATE utf8_unicode_ci NOT NULL,
  `company_area` varchar(80) COLLATE utf8_unicode_ci NOT NULL,
  `company_city` varchar(50) COLLATE utf8_unicode_ci NOT NULL,
  `company_zip` varchar(40) COLLATE utf8_unicode_ci DEFAULT NULL,
  `company_fax` varchar(80) COLLATE utf8_unicode_ci DEFAULT NULL,
  `company_web` varchar(120) COLLATE utf8_unicode_ci DEFAULT NULL,
  `company_status` varchar(32) COLLATE utf8_unicode_ci NOT NULL,
  `incorporation_certificate` varchar(80) COLLATE utf8_unicode_ci DEFAULT NULL,
  `partnership_deed` varchar(80) COLLATE utf8_unicode_ci DEFAULT NULL,
  `com_trade_license` varchar(80) COLLATE utf8_unicode_ci DEFAULT NULL,
  `company_tin` varchar(64) COLLATE utf8_unicode_ci DEFAULT NULL,
  `head_of_org` varchar(48) COLLATE utf8_unicode_ci DEFAULT NULL,
  `head_contact` varchar(20) COLLATE utf8_unicode_ci DEFAULT NULL,
  `head_email` varchar(30) COLLATE utf8_unicode_ci DEFAULT NULL,
  `contact_person` varchar(48) COLLATE utf8_unicode_ci NOT NULL,
  `contact_phone` varchar(20) COLLATE utf8_unicode_ci NOT NULL,
  `contact_email` varchar(30) COLLATE utf8_unicode_ci DEFAULT NULL,
  `phone_no` varchar(30) COLLATE utf8_unicode_ci NOT NULL,
  `fax_no` varchar(30) COLLATE utf8_unicode_ci DEFAULT NULL,
  `created_at` timestamp NOT NULL DEFAULT '0000-00-00 00:00:00',
  `updated_at` timestamp NOT NULL DEFAULT '0000-00-00 00:00:00',
  `is_locked` int(11) NOT NULL,
  `updated_by` int(11) NOT NULL,
  PRIMARY KEY (`company_id`)
) ENGINE=InnoDB DEFAULT CHARSET=utf8 COLLATE=utf8_unicode_ci;


DROP TABLE IF EXISTS `company_assoc`;
CREATE TABLE `company_assoc` (
  `ca_id` int(11) NOT NULL AUTO_INCREMENT,
  `company_id` varchar(40) COLLATE utf8_unicode_ci NOT NULL,
  `user_id` int(11) NOT NULL,
  `created_at` timestamp NOT NULL DEFAULT '0000-00-00 00:00:00',
  `updated_at` timestamp NOT NULL DEFAULT '0000-00-00 00:00:00',
  `is_locked` int(11) NOT NULL,
  `updated_by` int(11) NOT NULL,
  PRIMARY KEY (`ca_id`),
  KEY `user_id` (`user_id`)
) ENGINE=InnoDB DEFAULT CHARSET=utf8 COLLATE=utf8_unicode_ci;


DROP TABLE IF EXISTS `company_type`;
CREATE TABLE `company_type` (
  `ct_id` int(11) NOT NULL AUTO_INCREMENT,
  `ct_name` varchar(64) COLLATE utf8_unicode_ci NOT NULL,
  `ct_status` tinyint(1) DEFAULT NULL,
  PRIMARY KEY (`ct_id`)
) ENGINE=InnoDB DEFAULT CHARSET=utf8 COLLATE=utf8_unicode_ci;


DROP TABLE IF EXISTS `configuration`;
CREATE TABLE `configuration` (
  `id` int(11) NOT NULL AUTO_INCREMENT,
  `caption` varchar(255) NOT NULL,
  `value` varchar(255) NOT NULL,
  `details` varchar(255) NOT NULL,
  `value2` varchar(45) DEFAULT NULL,
  `value3` varchar(45) DEFAULT NULL,
  `created_at` timestamp NOT NULL DEFAULT CURRENT_TIMESTAMP ON UPDATE CURRENT_TIMESTAMP,
  `created_by` int(11) NOT NULL,
  `updated_at` timestamp NOT NULL DEFAULT '0000-00-00 00:00:00',
  `updated_by` int(11) NOT NULL,
  `is_locked` int(15) NOT NULL,
  PRIMARY KEY (`id`)
) ENGINE=InnoDB DEFAULT CHARSET=utf8;


DROP TABLE IF EXISTS `country_info`;
CREATE TABLE `country_info` (
  `COUNTRY_ID` int(11) NOT NULL,
  `COUNTRY_CODE` varchar(36) COLLATE utf8_unicode_ci DEFAULT NULL,
  `COUNTRY_NAME` varchar(900) COLLATE utf8_unicode_ci DEFAULT NULL,
  `NATIONALITY` varchar(180) COLLATE utf8_unicode_ci DEFAULT NULL,
  `COUNTRY_PRIORITY` tinyint(4) DEFAULT NULL,
  `COUNTRY_STATUS` varchar(27) COLLATE utf8_unicode_ci DEFAULT NULL
) ENGINE=InnoDB DEFAULT CHARSET=utf8 COLLATE=utf8_unicode_ci;

INSERT INTO `country_info` (`COUNTRY_ID`, `COUNTRY_CODE`, `COUNTRY_NAME`, `NATIONALITY`, `COUNTRY_PRIORITY`, `COUNTRY_STATUS`) VALUES
(1,	'004',	'AFGANISTAN',	'Afghan',	2,	'Yes'),
(2,	'006',	'ALBANIA',	'Albanian',	1,	'Yes'),
(3,	'007',	'ALGERIA',	'Algerian',	2,	'Yes'),
(5,	'008',	'ANDORRA',	'Andorran',	2,	'Yes'),
(6,	'009',	'ANGOLA',	'Angolan',	2,	'Yes'),
(7,	'010',	'ANGUILLA',	'Antiguans',	2,	'Yes'),
(8,	'231',	'ANTARCTICA',	'ANTARCTICA',	2,	'Yes'),
(9,	'011',	'ANTIGUA AND BARBUDA',	'',	2,	'Yes'),
(10,	'014',	'ARGENTINA',	'Argentinean',	2,	'Yes'),
(11,	'155',	'ARMENIA',	'Armenian',	2,	'Yes'),
(12,	'015',	'ARUBA',	'',	2,	'Yes'),
(13,	'017',	'AUSTRALIA',	'Australian',	2,	'Yes'),
(14,	'018',	'AUSTRIA',	'Austrian',	2,	'Yes'),
(15,	'156',	'AZERBAIJAN',	'Azerbaijani',	2,	'Yes'),
(16,	'020',	'BAHAMAS',	'Bahamian',	2,	'Yes'),
(17,	'021',	'BAHRAIN',	'Bahraini',	2,	'Yes'),
(18,	'001',	'BANGLADESH',	'Bangladeshi',	2,	'Yes'),
(19,	'022',	'BARBADOS',	'Barbadian',	2,	'Yes'),
(20,	'157',	'BELARUS',	'Belarusian',	2,	'Yes'),
(21,	'023',	'BELGIUM',	'Belgian',	2,	'Yes'),
(22,	'062',	'BELIZE',	'Netherland',	2,	'Yes'),
(23,	'232',	'BENIN',	'Beninese',	2,	'Yes'),
(24,	'025',	'BERMUDA',	'Bermuda',	2,	'Yes'),
(25,	'026',	'BHUTAN',	'Bhutanese',	2,	'Yes'),
(26,	'060',	'BLANK',	'',	2,	'Yes'),
(27,	'027',	'BOLIVIA',	'Bolivian',	2,	'Yes'),
(28,	'233',	'BONAIRE',	'',	2,	'Yes'),
(29,	'154',	'BOSNIA AND HERZEGOVINA',	'Bosnian',	2,	'Yes'),
(30,	'028',	'BOTSWANA',	'Botswanan',	2,	'Yes'),
(31,	'249',	'BOUVET ISLAND',	'',	2,	'Yes'),
(32,	'029',	'BRAZIL',	'Brazilian',	2,	'Yes'),
(33,	'030',	'BRUNEI',	'Bruneian',	2,	'Yes'),
(34,	'031',	'BULGARIA',	'Bulgarian',	2,	'Yes'),
(35,	'032',	'BURKINA FASO',	'',	2,	'Yes'),
(36,	'033',	'BURUNDI',	'Burundian',	2,	'Yes'),
(37,	'159',	'CAMBODIA',	'Cambodian',	2,	'Yes'),
(38,	'160',	'CAMEROON',	'Cameroonian',	2,	'Yes'),
(39,	'034',	'CANADA',	'Canadian',	2,	'Yes'),
(40,	'161',	'CAPE VERDE',	'',	2,	'Yes'),
(41,	'250',	'CAYMAN ISLAND',	'',	2,	'Yes'),
(42,	'162',	'CENTRAL AFRICAN REPUBLIC',	'',	2,	'Yes'),
(43,	'037',	'CHAD',	'Chadian',	2,	'Yes'),
(44,	'038',	'CHILE',	'Chilean',	2,	'Yes'),
(45,	'039',	'CHINA',	'Chinese',	2,	'Yes'),
(46,	'251',	'CHRISMAS ISLAND',	'',	2,	'Yes'),
(47,	'252',	'COCOS ISLAND',	'',	2,	'Yes'),
(48,	'040',	'COLOMBIA',	'Colombian',	2,	'Yes'),
(49,	'235',	'COMOROS',	'',	2,	'Yes'),
(50,	'042',	'COOK ISLANDS',	'',	2,	'Yes'),
(51,	'041',	'COSTA RICA',	'Costa Rican',	2,	'Yes'),
(52,	'237',	'COTE D\'IVOIRE',	'Cote D\'Ivoire',	2,	'Yes'),
(53,	'163',	'CROATIA',	'Croatian',	2,	'Yes'),
(54,	'043',	'CUBA',	'',	2,	'Yes'),
(55,	'238',	'CURACAO',	'',	2,	'Yes'),
(56,	'044',	'CYPRUS',	'Cyprus',	2,	'Yes'),
(57,	'164',	'CZECH REPUBLIC',	'',	2,	'Yes'),
(58,	'081',	'CONGO',	'Congolese',	2,	'Yes'),
(59,	'046',	'DENMARK',	'Danish',	2,	'Yes'),
(60,	'165',	'DJIBOUTI',	'',	2,	'Yes'),
(61,	'047',	'DOMINICA',	'Dominican',	2,	'Yes'),
(62,	'048',	'DOMINICAN REPUBLIC',	'Dominican',	2,	'Yes'),
(63,	'012',	'EAST TIMOR',	'East Timor',	2,	'Yes'),
(64,	'049',	'ECUADOR',	'Ecuadorean',	2,	'Yes'),
(65,	'050',	'EGYPT',	'Egyptian',	2,	'Yes'),
(66,	'051',	'EL SALVADOR',	'Salvadorean',	2,	'Yes'),
(67,	'052',	'ENGLAND',	'English',	2,	'Yes'),
(68,	'166',	'ERITREA',	'Eritrean',	2,	'Yes'),
(69,	'167',	'ESTONIA',	'Estonian',	2,	'Yes'),
(70,	'054',	'ETHIOPIA',	'Ethiopian',	2,	'Yes'),
(71,	'255',	'FAEROE ISLAND',	'',	2,	'Yes'),
(72,	'055',	'FALKLAND ISLANDS',	'',	2,	'Yes'),
(73,	'189',	'FEDERATED STATES OF MICRONESIA',	'',	2,	'Yes'),
(74,	'056',	'FIJI',	'Fijian',	2,	'Yes'),
(75,	'057',	'FINLAND',	'Finnish',	2,	'Yes'),
(76,	'058',	'FRANCE',	'French',	2,	'Yes'),
(78,	'239',	'FRENCH GUIANA',	'French Guiana',	2,	'Yes'),
(79,	'240',	'FRENCH OVERSEAS POSSESSIONS',	'',	2,	'Yes'),
(80,	'168',	'FRENCH POLYNESIA',	'',	2,	'Yes'),
(81,	'059',	'GABON',	'Gabonese',	2,	'Yes'),
(82,	'241',	'GAMBIA',	'Gambian',	2,	'Yes'),
(83,	'169',	'GEORGIA',	'Georgian',	2,	'Yes'),
(84,	'061',	'GERMANY',	'German',	2,	'Yes'),
(85,	'063',	'GHANA',	'Ghanaian',	2,	'Yes'),
(86,	'064',	'GIBRALTAR',	'Gibraltar',	2,	'Yes'),
(87,	'065',	'GREECE',	'Greek',	2,	'Yes'),
(88,	'066',	'GREENLAND',	'',	2,	'Yes'),
(89,	'067',	'GRENADA',	'Grenadian',	2,	'Yes'),
(90,	'243',	'GRENADINES',	'',	2,	'Yes'),
(91,	'242',	'GUADELOUPE',	'',	2,	'Yes'),
(92,	'068',	'GUAM',	'',	2,	'Yes'),
(93,	'069',	'GUATEMALA',	'',	2,	'Yes'),
(94,	'053',	'GUINEA',	'',	2,	'Yes'),
(95,	'070',	'GUINEA-BISSAU',	'',	2,	'Yes'),
(96,	'072',	'GUYANA',	'',	2,	'Yes'),
(97,	'073',	'HAITI',	'Haitian',	2,	'Yes'),
(98,	'257',	'HEARD AND MCDONALD ISLAND',	'',	2,	'Yes'),
(99,	'227',	'HOLAND',	'',	2,	'Yes'),
(100,	'258',	'HOLY SEE',	'',	2,	'Yes'),
(101,	'075',	'HONDURAS',	'Honduran',	2,	'Yes'),
(102,	'076',	'HONG KONG',	'Hong Kong',	2,	'Yes'),
(103,	'077',	'HUNGARY',	'Hungarian',	2,	'Yes'),
(104,	'078',	'ICELAND',	'Icelandic',	2,	'Yes'),
(105,	'002',	'INDIA',	'Indian',	2,	'Yes'),
(106,	'079',	'INDONESIA',	'Indonesian',	2,	'Yes'),
(107,	'112',	'IRAN',	'Iranian',	2,	'Yes'),
(108,	'082',	'IRAQ',	'Iraqi',	2,	'Yes'),
(109,	'083',	'IRELAND',	'Irish',	2,	'Yes'),
(110,	'170',	'ISRAEL',	'',	2,	'Yes'),
(111,	'084',	'ITALY',	'Italian',	2,	'Yes'),
(112,	'085',	'IVORY COAST',	'',	2,	'Yes'),
(113,	'171',	'JAMAICA',	'Jamaican',	2,	'Yes'),
(114,	'086',	'JAPAN',	'Japanese',	2,	'Yes'),
(115,	'284',	'JAYARAY',	'',	2,	'Yes'),
(116,	'285',	'JIBUTI',	'',	2,	'Yes'),
(117,	'172',	'JORDAN',	'Jordanian',	2,	'Yes'),
(118,	'173',	'KAZAKHSTAN',	'Kazakhstan',	2,	'Yes'),
(119,	'087',	'KENYA',	'Kenyan',	2,	'Yes'),
(120,	'174',	'KIRIBATI REPUBLIC',	'',	2,	'Yes'),
(121,	'286',	'KOMOROS REPUBLIC',	'',	2,	'Yes'),
(122,	'253',	'KOREA',	'',	2,	'Yes'),
(123,	'175',	'SOUTH KOREA',	'South Korean',	2,	'Yes'),
(124,	'088',	'NORTH KOREA',	'DPR Korea',	2,	'Yes'),
(125,	'226',	'KOSOVO',	'',	2,	'Yes'),
(126,	'089',	'KUWAIT',	'Kuwaiti',	2,	'Yes'),
(127,	'176',	'KYRGYZSTAN',	'',	2,	'Yes'),
(128,	'178',	'LATVIA',	'Latvian',	2,	'Yes'),
(129,	'091',	'LEBANON',	'Lebanese',	2,	'Yes'),
(130,	'090',	'LESOTHO',	'',	2,	'Yes'),
(131,	'179',	'LIBERIA',	'Liberian',	2,	'Yes'),
(132,	'092',	'LIBYA',	'Libyan',	2,	'Yes'),
(133,	'180',	'LIECHTENSTEIN',	'Liechtenstein',	2,	'Yes'),
(134,	'181',	'LITHUANIA',	'Lithuanian',	2,	'Yes'),
(135,	'182',	'LUXEMBOURG',	'Luxembourgian',	2,	'Yes'),
(136,	'183',	'MACEDONIA',	'Macedonian',	2,	'Yes'),
(137,	'184',	'MADAGASCAR',	'Madagascan',	2,	'Yes'),
(138,	'287',	'MALAGASY',	'',	2,	'Yes'),
(139,	'185',	'MALAWI',	'Malawian',	2,	'Yes'),
(140,	'093',	'MALAYSIA',	'Malaysian',	2,	'Yes'),
(141,	'094',	'MALDIVES',	'Maldivian',	2,	'Yes'),
(142,	'186',	'MALI',	'Malian',	2,	'Yes'),
(143,	'095',	'MALTA',	'Maltese',	2,	'Yes'),
(144,	'187',	'MARSHALL ISLANDS',	'',	2,	'Yes'),
(145,	'244',	'MARTINIQUE',	'',	2,	'Yes'),
(146,	'188',	'MAURITANIA',	'Mauritanian',	2,	'Yes'),
(147,	'096',	'MAURITIUS',	'Mauritian',	2,	'Yes'),
(148,	'259',	'MAYOTTE',	'',	2,	'Yes'),
(149,	'097',	'MEXICO',	'Mexican',	2,	'Yes'),
(150,	'283',	'MICRONESIA',	'',	2,	'Yes'),
(151,	'288',	'MIDDLE AFRICA REPUBLIC',	'',	2,	'Yes'),
(153,	'190',	'MOLDOVA',	'Moldovan',	2,	'Yes'),
(154,	'098',	'MONACO',	'Monacan',	2,	'Yes'),
(155,	'191',	'MONGOLIA',	'Mongolian',	2,	'Yes'),
(156,	'245',	'MONTENEGRO',	'Montenegrin',	2,	'Yes'),
(157,	'246',	'MONTSERRAT',	'',	2,	'Yes'),
(158,	'099',	'MOROCCO',	'Morocaine',	2,	'Yes'),
(159,	'192',	'MOZAMBIQUE',	'Mozambican',	2,	'Yes'),
(160,	'222',	'MYANMAR',	'Burmese',	2,	'Yes'),
(161,	'193',	'NAMIBIA',	'Namibian',	2,	'Yes'),
(162,	'194',	'NAURU',	'',	2,	'Yes'),
(163,	'132',	'NEPAL',	'Nepalese',	2,	'Yes'),
(164,	'131',	'NETHERLANDS',	'Dutch',	2,	'Yes'),
(165,	'247',	'NEW CALEDONIA',	'',	2,	'Yes'),
(166,	'100',	'NEW ZEALAND',	'New Zealander',	2,	'Yes'),
(167,	'221',	'NICARAGUA',	'Nicaraguan',	2,	'Yes'),
(168,	'195',	'NIGER',	'Nigerien',	2,	'Yes'),
(169,	'101',	'NIGERIA',	'Nigerian',	2,	'Yes'),
(170,	'248',	'NIUE',	'',	2,	'Yes'),
(171,	'260',	'NORFOLK ISLAND',	'',	2,	'Yes'),
(172,	'197',	'NORTHERN MARIANA ISLANDS',	'',	2,	'Yes'),
(173,	'102',	'NORWAY',	'Norwegian',	2,	'Yes'),
(174,	'103',	'OMAN',	'Omani',	2,	'Yes'),
(175,	'003',	'PAKISTAN',	'Pakistani',	2,	'Yes'),
(176,	'104',	'PALAU',	'',	2,	'Yes'),
(177,	'153',	'PALESTINE',	'Palestinian',	2,	'Yes'),
(178,	'105',	'PANAMA',	'Panamanian',	2,	'Yes'),
(179,	'106',	'PAPUA NEW GUINEA',	'Papua New Guinean',	2,	'Yes'),
(180,	'107',	'PARAGUAY',	'Paraguayan',	2,	'Yes'),
(181,	'108',	'PERU',	'Peruvian',	2,	'Yes'),
(182,	'109',	'PHILIPPINES',	'Filipino',	2,	'Yes'),
(183,	'261',	'PITCAIRN',	'',	2,	'Yes'),
(184,	'110',	'POLAND',	'Polish',	2,	'Yes'),
(185,	'111',	'PORTUGAL',	'Portuguese',	2,	'Yes'),
(186,	'113',	'PUERTO RICO',	'',	2,	'Yes'),
(187,	'114',	'QATAR',	'Qatari',	2,	'Yes'),
(188,	'278',	'REFUGEE',	'',	2,	'Yes'),
(190,	'262',	'REPUBLIC OF KOREA',	'',	2,	'Yes'),
(191,	'263',	'REPUBLIC OF MOLDOVA',	'',	2,	'Yes'),
(192,	'115',	'REUNION',	'',	2,	'Yes'),
(193,	'290',	'RHODESIA',	'',	2,	'Yes'),
(194,	'116',	'ROMANIA',	'Romanian',	2,	'Yes'),
(195,	'118',	'RUANDA',	'',	2,	'Yes'),
(196,	'117',	'RUSSIA',	'Russian',	2,	'Yes'),
(197,	'282',	'RWANDA',	'Rwandan',	2,	'Yes'),
(198,	'264',	'SAINT HELENA',	'',	2,	'Yes'),
(199,	'198',	'SAINT KITTS AND NEVIS',	'',	2,	'Yes'),
(200,	'199',	'SAINT LUCIA',	'',	2,	'Yes'),
(201,	'265',	'SAINT PIERRE AND MIQUELON',	'',	2,	'Yes'),
(202,	'200',	'SAINT VINCENT AND THE GRENADINES',	'',	2,	'Yes'),
(203,	'119',	'SAMOA',	'',	2,	'Yes'),
(204,	'121',	'SAN MARINO',	'',	2,	'Yes'),
(205,	'122',	'SAO TOME AND PRINCIPE',	'',	2,	'Yes'),
(206,	'123',	'SAUDI ARABIA',	'Saudi Arabian',	2,	'Yes'),
(207,	'281',	'SCOTLAND',	'Scottish',	2,	'Yes'),
(208,	'124',	'SENEGAL',	'Senegalese',	2,	'Yes'),
(209,	'152',	'SERBIA AND MONTENEGRO',	'Serbian',	2,	'Yes'),
(210,	'125',	'SEYCHELLES',	'Seychellois',	2,	'Yes'),
(211,	'126',	'SIERRA LEONE',	'Sierra Leonian',	2,	'Yes'),
(212,	'127',	'SINGAPORE',	'Singaporean',	2,	'Yes'),
(213,	'291',	'SISKER',	'',	2,	'Yes'),
(214,	'201',	'SLOVAKIA',	'Slovak',	2,	'Yes'),
(215,	'202',	'SLOVENIA',	'Slovenian',	2,	'Yes'),
(216,	'128',	'SOLOMON ISLANDS',	'Solomon Islander',	2,	'Yes'),
(217,	'129',	'SOMALIA',	'Somali',	2,	'Yes'),
(218,	'130',	'SOUTH AFRICA',	'South African',	2,	'Yes'),
(219,	'266',	'SOUTH GEORGIA AND THE SOUTH SANDWICH ISLAND',	'',	2,	'Yes'),
(220,	'203',	'SPAIN',	'Spanish',	2,	'Yes'),
(221,	'134',	'SRI LANKA',	'Sri Lankan',	2,	'Yes'),
(222,	'133',	'SUDAN',	'Sudanese',	2,	'Yes'),
(223,	'135',	'SURINAME',	'',	2,	'Yes'),
(224,	'267',	'SVALBARD AND JAN MAYEN ISLAND',	'',	2,	'Yes'),
(225,	'204',	'SWAZILAND',	'',	2,	'Yes'),
(226,	'136',	'SWEDEN',	'Swedish',	2,	'Yes'),
(227,	'137',	'SWITZERLAND',	'Swiss',	2,	'Yes'),
(228,	'205',	'SYRIA',	'Syrian',	2,	'Yes'),
(229,	'138',	'TAIWAN',	'Taiwanese',	2,	'Yes'),
(230,	'206',	'TAJIKISTAN',	'',	2,	'Yes'),
(231,	'139',	'TANZANIA',	'Tanzanian',	2,	'Yes'),
(232,	'140',	'THAILAND',	'Thai',	2,	'Yes'),
(234,	'293',	'TIMUR',	'',	2,	'Yes'),
(235,	'207',	'TOGO',	'',	2,	'Yes'),
(236,	'269',	'TOKELAU',	'',	2,	'Yes'),
(237,	'208',	'TONGA',	'',	2,	'Yes'),
(238,	'141',	'TRINIDAD AND TOBAGO',	'',	2,	'Yes'),
(239,	'142',	'TUNISIA',	'Tunisian',	2,	'Yes'),
(240,	'143',	'TURKEY',	'TUR',	2,	'Yes'),
(241,	'209',	'TURKMENISTAN',	'',	2,	'Yes'),
(242,	'144',	'TUVALU',	'',	2,	'Yes'),
(244,	'146',	'UGANDA',	'Ugandan',	2,	'Yes'),
(245,	'210',	'UKRAINE',	'Ukraine',	2,	'Yes'),
(246,	'145',	'UNITED ARAB EMIRATES',	'Emirati',	2,	'Yes'),
(247,	'211',	'UNITED KINGDOM',	'British',	2,	'Yes'),
(249,	'277',	'UNITED NATION SPECIALIZED AGENCY OFFICIAL',	'',	2,	'Yes'),
(250,	'270',	'TANZANIA',	'',	2,	'Yes'),
(252,	'271',	'UNITED STATES OF AMERICA',	'American',	2,	'Yes'),
(253,	'000',	'OTHER',	'',	2,	'Yes'),
(254,	'280',	'UNSPECIFIED/UNKNOWN',	'',	2,	'Yes'),
(255,	'147',	'URUGUAY',	'URUGUAY',	2,	'Yes'),
(256,	'212',	'UZBEKISTAN',	'Uzbekistan',	2,	'Yes'),
(257,	'213',	'VANUATU REPUBLIC',	'',	2,	'Yes'),
(258,	'214',	'VATICAN CITY',	'',	2,	'Yes'),
(259,	'292',	'VENDA',	'',	2,	'Yes'),
(260,	'149',	'VENEZUELA',	'',	2,	'Yes'),
(261,	'150',	'VIETNAM',	'Vietnamese',	2,	'Yes'),
(262,	'272',	'VIRGIN ISLAND',	'',	2,	'Yes'),
(263,	'273',	'VIRGIN ISLAND',	'',	2,	'Yes'),
(264,	'274',	'WALLIS AND FUTUNA ISLAND',	'',	2,	'Yes'),
(265,	'215',	'WESTERN SAHARA',	'',	2,	'Yes'),
(266,	'151',	'YEMEN',	'Yemeni',	2,	'Yes'),
(269,	'218',	'ZAMBIA',	'',	2,	'Yes'),
(270,	'219',	'ZIMBABWE',	'Zimbabwean',	2,	'Yes'),
(4,	'256',	'LAOS',	'Lao',	2,	'Yes');

DROP TABLE IF EXISTS `custom_reports`;
CREATE TABLE `custom_reports` (
  `report_id` int(11) NOT NULL AUTO_INCREMENT,
  `report_title` varchar(765) COLLATE utf8_unicode_ci NOT NULL,
  `report_type` int(11) DEFAULT NULL,
  `report_para1` varchar(9000) COLLATE utf8_unicode_ci DEFAULT NULL,
  `report_para2` varchar(5000) COLLATE utf8_unicode_ci DEFAULT NULL,
  `group_id` int(11) DEFAULT NULL,
  `user_id` int(11) DEFAULT NULL,
  `status` int(11) DEFAULT NULL,
  `created_by` int(11) DEFAULT NULL,
  `created_at` timestamp NOT NULL DEFAULT '0000-00-00 00:00:00',
  `updated_at` timestamp NOT NULL DEFAULT '0000-00-00 00:00:00',
  `updated_by` int(11) NOT NULL DEFAULT '0',
  `is_locked` int(11) NOT NULL DEFAULT '0',
  PRIMARY KEY (`report_id`)
) ENGINE=InnoDB DEFAULT CHARSET=utf8 COLLATE=utf8_unicode_ci;

INSERT INTO `custom_reports` (`report_id`, `report_title`, `report_type`, `report_para1`, `report_para2`, `group_id`, `user_id`, `status`, `created_by`, `created_at`, `updated_at`, `updated_by`, `is_locked`) VALUES
(1,	'lIMIT',	NULL,	'c2VsZWN0ICogZnJvbSB1c2VyX3R5cGVzICBsaW1pdCBJRigxMA',	NULL,	NULL,	0,	1,	NULL,	'2015-12-19 21:37:27',	'2016-05-24 04:57:11',	1,	0),
(2,	'List of user type',	NULL,	'c2VsZWN0ICogZnJvbSB1c2VyX3R5cGVz',	NULL,	NULL,	1,	1,	NULL,	'2015-12-19 23:40:47',	'2015-12-20 08:50:07',	1,	0),
(3,	'List of user access log',	NULL,	'c2VsZWN0IHUudXNlcl9lbWFpbCx1bC4qIGZyb20gdXNlcl9sb2dzIHVsIGxlZnQgam9pbiB1c2VycyB1IG9uIHVsLnVzZXJfaWQ9dS5pZCBvcmRlciBieSB1bC5pZCBkZXNj',	NULL,	NULL,	4,	1,	NULL,	'2015-12-20 08:51:19',	'2016-01-05 09:58:41',	68,	0),
(4,	'List of user ',	NULL,	'c2VsZWN0IHVzZXJfZW1haWwgZnJvbSB1c2Vyczs',	NULL,	NULL,	0,	1,	NULL,	'2015-12-20 08:54:25',	'2016-05-22 10:10:04',	1,	0),
(19,	'Process Report',	NULL,	'c2VsZWN0ICogZnJvbSBwcm9jZXNzX2xpc3RfaGlzdA',	NULL,	NULL,	0,	1,	1,	'2016-05-07 04:26:32',	'2016-05-07 04:26:32',	0,	0),
(20,	'Status-wise Application',	NULL,	'U0VMRUNUICdTdWJtaXR0ZWQgQXBwbGljYXRpb24nIEFTIGNhcHRpb24sICdncmVlbicgQVMgdGhlbWUsICdmYSBmYS1saXN0LWFsdCcgQVMgaWNvbiwgJycgQVMgdXJsLCBGT1JNQVQoQ09VTlQocHJvY2Vzc19pZCksMCkgQVMgdmFsdWUNCkZST00gcHJvY2Vzc19saXN0IFdIRVJFIHN0YXR1c19pZD0xDQpVTklPTiBBTEwNClNFTEVDVCAnU2VuZCB0byBTQiZOU0kgRGVzaycgQVMgY2FwdGlvbiwgJ3llbGxvdycgQVMgdGhlbWUsICdmYSBmYS1saXN0LWFsdCcgQVMgaWNvbiwgJycgQVMgdXJsLCBGT1JNQVQoQ09VTlQocHJvY2Vzc19pZCksMCkgQVMgdmFsdWUNCkZST00gcHJvY2Vzc19saXN0IFdIRVJFIChzdGF0dXNfaWQ9OSkNClVOSU9OIEFMTA0KU0VMRUNUICdEaXNjYXJkIEFwcGxpY2F0aW9uJyBBUyBjYXB0aW9uLCAncmVkJyBBUyB0aGVtZSwgJ2ZhIGZhLWxpc3QtYWx0JyBBUyBpY29uLCAnJyBBUyB1cmwsIEZPUk1BVChDT1VOVChwcm9jZXNzX2lkKSwwKSBBUyB2YWx1ZQ0KRlJPTSBwcm9jZXNzX2xpc3QgV0hFUkUgc3RhdHVzX2lkPTgNClVOSU9OIEFMTA0KU0VMRUNUICdWZXJpZmllZCBBcHBsaWNhdGlvbicgQVMgY2FwdGlvbiwgJ3llbGxvdycgQVMgdGhlbWUsICdmYSBmYS1saXN0LWFsdCcgQVMgaWNvbiwgJycgQVMgdXJsLCBGT1JNQVQoQ09VTlQocHJvY2Vzc19pZCksMCkgQVMgdmFsdWUNCkZST00gcHJvY2Vzc19saXN0IFdIRVJFIHN0YXR1c19pZD0yDQpVTklPTiBBTEwNClNFTEVDVCAnSXNzdWUgU0MgQXBwbGljYXRpb24nIEFTIGNhcHRpb24sICdwcmltYXJ5JyBBUyB0aGVtZSwgJ2ZhIGZhLWxpc3QtYWx0JyBBUyBpY29uLCAnJyBBUyB1cmwsIEZPUk1BVChDT1VOVChwcm9jZXNzX2lkKSwwKSBBUyB2YWx1ZQ0KRlJPTSBwcm9jZXNzX2xpc3QgV0hFUkUgc3RhdHVzX2lkPTEyDQpVTklPTiBBTEwNClNFTEVDVCAnRGlzcGF0Y2ggQXBwbGljYXRpb24nIEFTIGNhcHRpb24sICdkZWZhdWx0JyBBUyB0aGVtZSwgJ2ZhIGZhLWxpc3QtYWx0JyBBUyBpY29uLCAnJyBBUyB1cmwsIEZPUk1BVChDT1VOVChwcm9jZXNzX2lkKSwwKSBBUyB2YWx1ZQ0KRlJPTSBwcm9jZXNzX2xpc3QgV0hFUkUgc3RhdHVzX2lkPTEzDQpVTklPTiBBTEwNClNFTEVDVCAnUG9zdGluZyBBcHBsaWNhdGlvbicgQVMgY2FwdGlvbiwgJ2dyZWVuJyBBUyB0aGVtZSwgJ2ZhIGZhLWxpc3QtYWx0JyBBUyBpY29uLCAnJyBBUyB1cmwsIEZPUk1BVChDT1VOVChwcm9jZXNzX2lkKSwwKSBBUyB2YWx1ZQ0KRlJPTSBwcm9jZXNzX2xpc3QgV0hFUkUgKHN0YXR1c19pZD0xNCk',	NULL,	NULL,	0,	1,	1,	'2016-05-07 06:33:34',	'2016-05-22 10:12:54',	1,	0);

DROP TABLE IF EXISTS `custom_reports_mapping`;
CREATE TABLE `custom_reports_mapping` (
  `id` int(11) NOT NULL AUTO_INCREMENT,
  `user_type` varchar(10) NOT NULL,
  `report_id` int(11) NOT NULL,
  `created_by` int(11) NOT NULL,
  `created_at` timestamp NOT NULL DEFAULT CURRENT_TIMESTAMP ON UPDATE CURRENT_TIMESTAMP,
  `updated_at` timestamp NOT NULL DEFAULT '0000-00-00 00:00:00',
  `updated_by` int(11) NOT NULL,
  PRIMARY KEY (`id`)
) ENGINE=InnoDB DEFAULT CHARSET=latin1;

INSERT INTO `custom_reports_mapping` (`id`, `user_type`, `report_id`, `created_by`, `created_at`, `updated_at`, `updated_by`) VALUES
(10,	'6',	14,	62,	'2016-02-09 10:01:10',	'2016-02-09 10:01:10',	0),
(13,	'12x431',	10,	62,	'2016-02-09 10:23:38',	'2016-02-09 10:23:38',	0),
(14,	'3x301',	10,	62,	'2016-02-09 10:23:38',	'2016-02-09 10:23:38',	0),
(15,	'3x302',	10,	62,	'2016-02-09 10:23:39',	'2016-02-09 10:23:39',	0),
(16,	'12x430',	10,	62,	'2016-02-09 10:23:39',	'2016-02-09 10:23:39',	0),
(17,	'12x432',	10,	62,	'2016-02-09 10:23:39',	'2016-02-09 10:23:39',	0),
(19,	'11x422',	12,	62,	'2016-02-24 09:47:59',	'2016-02-24 09:47:59',	0),
(20,	'11x420',	15,	62,	'2016-02-24 09:50:32',	'2016-02-24 09:50:32',	0),
(21,	'11x422',	15,	62,	'2016-02-24 09:50:32',	'2016-02-24 09:50:32',	0),
(22,	'11x421',	15,	62,	'2016-02-24 09:50:32',	'2016-02-24 09:50:32',	0),
(23,	'2x203',	15,	62,	'2016-02-24 09:50:32',	'2016-02-24 09:50:32',	0),
(24,	'11x420',	16,	62,	'2016-02-24 09:50:35',	'2016-02-24 09:50:35',	0),
(25,	'11x422',	16,	62,	'2016-02-24 09:50:35',	'2016-02-24 09:50:35',	0),
(26,	'11x421',	16,	62,	'2016-02-24 09:50:35',	'2016-02-24 09:50:35',	0),
(27,	'2x203',	16,	62,	'2016-02-24 09:50:35',	'2016-02-24 09:50:35',	0),
(28,	'11x422',	17,	62,	'2016-02-28 10:19:33',	'2016-02-28 10:19:33',	0),
(29,	'11x421',	17,	62,	'2016-02-28 10:19:33',	'2016-02-28 10:19:33',	0),
(36,	'1x101',	18,	1,	'2016-04-13 04:17:11',	'2016-04-13 04:17:11',	1),
(37,	'2x202',	19,	1,	'2016-05-07 04:26:32',	'2016-05-07 04:26:32',	1),
(56,	'1x101',	4,	1,	'2016-05-22 10:10:04',	'2016-05-22 10:10:04',	1),
(57,	'4x404',	20,	1,	'2016-05-22 10:12:54',	'2016-05-22 10:12:54',	1),
(58,	'2x202',	20,	1,	'2016-05-22 10:12:54',	'2016-05-22 10:12:54',	1),
(59,	'1x101',	20,	1,	'2016-05-22 10:12:54',	'2016-05-22 10:12:54',	1),
(67,	'5x505',	1,	1,	'2016-05-24 04:57:12',	'2016-05-24 04:57:12',	1);

DROP TABLE IF EXISTS `dashboard_object`;
CREATE TABLE `dashboard_object` (
  `db_obj_id` int(11) NOT NULL AUTO_INCREMENT,
  `db_obj_title` varchar(100) COLLATE utf8_unicode_ci DEFAULT NULL,
  `db_obj_caption` varchar(255) COLLATE utf8_unicode_ci DEFAULT NULL,
  `db_user_id` int(11) DEFAULT NULL,
  `db_obj_type` varchar(255) COLLATE utf8_unicode_ci DEFAULT NULL,
  `db_obj_para1` text COLLATE utf8_unicode_ci,
  `db_obj_para2` text COLLATE utf8_unicode_ci,
  `db_obj_status` int(11) DEFAULT NULL,
  `db_obj_sort` int(11) DEFAULT NULL,
  `db_user_type` int(11) DEFAULT NULL,
  `created_at` timestamp NOT NULL DEFAULT '0000-00-00 00:00:00',
  `updated_at` timestamp NOT NULL DEFAULT '0000-00-00 00:00:00',
  `is_locked` int(11) NOT NULL,
  `updated_by` int(11) NOT NULL,
  PRIMARY KEY (`db_obj_id`)
) ENGINE=InnoDB DEFAULT CHARSET=utf8 COLLATE=utf8_unicode_ci;

INSERT INTO `dashboard_object` (`db_obj_id`, `db_obj_title`, `db_obj_caption`, `db_user_id`, `db_obj_type`, `db_obj_para1`, `db_obj_para2`, `db_obj_status`, `db_obj_sort`, `db_user_type`, `created_at`, `updated_at`, `is_locked`, `updated_by`) VALUES
(4,	'Area wise Application',	NULL,	0,	'SCRIPT',	'select area_nm TITLE, count(app_id) VALUE   \nfrom (  \nselect wp.app_id, di.area_nm from work_permit_form wp left join area_info di ON wp.ORG_DISTRICT=di.area_id  \n) tab2 group by area_nm  \n',	'var chart = new AmCharts.AmSerialChart();  \n	 chart.dataProvider = {$chartdata}; \n            chart.categoryField = \'TITLE\'; \n            chart.startDuration = 1; \n \n            // AXES \n            // category \n            var categoryAxis1 = chart.categoryAxis; \n            categoryAxis1.gridPosition = \'start\';\n	    categoryAxis1.labelRotation =15;\n \n            // GRAPH \n            var graph1 = new AmCharts.AmGraph(); \n            graph1.valueField = \'VALUE\'; \n            graph1.type = \"column\"; \n            graph1.balloonText = \"[[category]]: <b>[[value]]</b>\"; \n            graph1.lineAlpha = 0; \n            graph1.fillAlphas = 0.8; \n            chart.addGraph(graph1); \n \n            var valueAxis1 = new AmCharts.ValueAxis(); \n            valueAxis1.dashLength = 5; \n            valueAxis1.title = \"No of Application\";\n	    valueAxis1.minimum =0;\n\n            chart.addValueAxis(valueAxis1); \n            chart.addTitle(\'{$charttitle}\'); \n            chart.write(\'{$chartediv}\');		 ',	1,	3,	0,	'0000-00-00 00:00:00',	'0000-00-00 00:00:00',	0,	0),
(10,	'Status wise Application',	NULL,	0,	'SCRIPT',	'select c.status_name as TITLE, count(b.process_id) as VALUE from process_list b, app_status c\r\nwhere b.status_id = c.status_id group by c.status_id order by c.status_id',	'var chart = new AmCharts.AmPieChart();  \r\n	chart.marginTop= 0;  \r\n	chart.marginLeft= 0;  \r\n	chart.innerRadius= 40;  \r\n	chart.angle=40;  \r\n	chart.depth3D= 10; \r\n	chart.groupPercent=0;  \r\n	chart.maxLabelWidth=35;  \r\n	chart.pathToImages= \'{$baseurl}/assets/amcharts/images\';  \r\n	chart.brightnessStep=90;  \r\n	chart.theme=\'light\';  \r\n	chart.fontSize=12; \r\n        chart.hideLabelsPercent=0; \r\n	chart.creditsPosition=\'bottom-right\';  \r\n	chart.valueField = \'VALUE\';  \r\n	chart.startEffect = \'bounce\';  \r\n	chart.titleField = \'TITLE\';  \r\n	chart.addTitle(\'{$charttitle}\');  \r\n	chart.dataProvider ={$chartdata};  \r\n	chart.write(\'{$chartediv}\');  ',	1,	3,	0,	'0000-00-00 00:00:00',	'0000-00-00 00:00:00',	0,	0),
(11,	'Area wise Application',	NULL,	0,	'SCRIPT',	'select area_nm TITLE, count(app_id) VALUE   \r\nfrom (  \r\nselect wp.app_id, di.area_nm from work_permit_form wp left join area_info di ON wp.ORG_DISTRICT=di.area_id  \r\n) tab2 group by area_nm  \r\n',	'var chart = new AmCharts.AmPieChart();  \r\n	chart.marginTop= 0;  \r\n	chart.marginLeft= 0;  \r\n	chart.innerRadius= 10;  \r\n	chart.angle=23.6;  \r\n	chart.depth3D= 10;  \r\n	chart.groupPercent=7;  \r\n	chart.maxLabelWidth=125;  \r\n	chart.pathToImages= \'{$baseurl}/assets/amcharts/images\';  \r\n	chart.brightnessStep=91.8;  \r\n	chart.theme=\'light\';  \r\n	chart.fontSize=10;  \r\n	chart.creditsPosition=\'bottom-right\';  \r\n	chart.valueField = \'VALUE\';  \r\n	chart.startEffect = \'bounce\';  \r\n	chart.titleField = \'TITLE\';  \r\n	chart.addTitle(\'{$charttitle}\');  \r\n	chart.dataProvider ={$chartdata};  \r\n	chart.write(\'{$chartediv}\');  \r\n',	0,	3,	0,	'0000-00-00 00:00:00',	'0000-00-00 00:00:00',	0,	0);

DROP TABLE IF EXISTS `delegate_history`;
CREATE TABLE `delegate_history` (
  `delegate_id` bigint(20) NOT NULL AUTO_INCREMENT,
  `delegate_id_back` bigint(20) DEFAULT NULL,
  `delegate_form_user` bigint(20) NOT NULL,
  `delegate_to_user_id` bigint(20) NOT NULL,
  `delegate_by_user_id` bigint(20) NOT NULL,
  `remarks` varchar(100) NOT NULL,
  `status` tinyint(4) NOT NULL DEFAULT '1',
  `created_at` timestamp NOT NULL DEFAULT CURRENT_TIMESTAMP,
  `created_by` int(11) NOT NULL,
  `updated_at` timestamp NOT NULL DEFAULT '0000-00-00 00:00:00',
  `updated_by` int(11) NOT NULL,
  PRIMARY KEY (`delegate_id`)
) ENGINE=InnoDB DEFAULT CHARSET=utf8;


DROP TABLE IF EXISTS `document`;
CREATE TABLE `document` (
  `id` int(11) NOT NULL AUTO_INCREMENT,
  `app_id` bigint(20) NOT NULL,
  `doc_name` varchar(255) COLLATE utf8_unicode_ci NOT NULL,
  `doc_file` varchar(255) COLLATE utf8_unicode_ci NOT NULL,
  `created_at` datetime NOT NULL,
  `created_by` int(11) NOT NULL,
  `updated_at` datetime NOT NULL,
  `updated_by` int(11) NOT NULL,
  PRIMARY KEY (`id`)
) ENGINE=InnoDB DEFAULT CHARSET=utf8 COLLATE=utf8_unicode_ci;


DROP TABLE IF EXISTS `doc_info`;
CREATE TABLE `doc_info` (
  `doc_id` int(11) NOT NULL AUTO_INCREMENT,
  `service_id` int(11) NOT NULL,
  `ctg_id` int(11) NOT NULL,
  `doc_name` varchar(255) NOT NULL,
  `doc_priority` tinyint(4) NOT NULL,
  `order` int(11) DEFAULT NULL,
  `created_at` datetime DEFAULT NULL,
  `created_by` int(11) DEFAULT NULL,
  `updated_at` datetime DEFAULT NULL,
  `updated_by` int(11) DEFAULT NULL,
  PRIMARY KEY (`doc_id`)
) ENGINE=InnoDB DEFAULT CHARSET=utf8;


DROP TABLE IF EXISTS `failed_login_history`;
CREATE TABLE `failed_login_history` (
  `id` int(11) NOT NULL AUTO_INCREMENT,
  `remote_address` varchar(50) NOT NULL,
  `user_email` varchar(40) NOT NULL,
  `created_at` timestamp NOT NULL DEFAULT '0000-00-00 00:00:00' ON UPDATE CURRENT_TIMESTAMP,
  `updated_at` timestamp NOT NULL DEFAULT '0000-00-00 00:00:00',
  PRIMARY KEY (`id`)
) ENGINE=InnoDB DEFAULT CHARSET=utf8;


DROP TABLE IF EXISTS `file`;
CREATE TABLE `file` (
  `id` int(11) NOT NULL AUTO_INCREMENT,
  `app_id` bigint(20) NOT NULL,
  `verify_id` int(11) NOT NULL,
  `attachment` varchar(255) COLLATE utf8_unicode_ci NOT NULL,
  `sb_nsi_flag` varchar(5) COLLATE utf8_unicode_ci NOT NULL,
  `created_by` int(11) NOT NULL,
  `created_at` timestamp NOT NULL DEFAULT CURRENT_TIMESTAMP ON UPDATE CURRENT_TIMESTAMP,
  `updated_by` int(11) NOT NULL,
  `updated_at` timestamp NOT NULL DEFAULT '0000-00-00 00:00:00',
  PRIMARY KEY (`id`)
) ENGINE=InnoDB DEFAULT CHARSET=utf8 COLLATE=utf8_unicode_ci;


DROP TABLE IF EXISTS `files`;
CREATE TABLE `files` (
  `id` int(11) NOT NULL AUTO_INCREMENT,
  `type` varchar(50) DEFAULT NULL,
  `ref_id` int(11) DEFAULT NULL,
  `details` longtext,
  `created_at` timestamp NOT NULL DEFAULT CURRENT_TIMESTAMP ON UPDATE CURRENT_TIMESTAMP,
  `created_by` int(11) DEFAULT NULL,
  `updated_at` timestamp NOT NULL DEFAULT '0000-00-00 00:00:00',
  `updated_by` int(11) DEFAULT NULL,
  KEY `id` (`id`)
) ENGINE=InnoDB DEFAULT CHARSET=utf8;


DROP TABLE IF EXISTS `files_tmp`;
CREATE TABLE `files_tmp` (
  `id` int(11) NOT NULL AUTO_INCREMENT,
  `type` varchar(80) DEFAULT NULL,
  `email` varchar(50) DEFAULT NULL,
  `nid` varchar(20) DEFAULT NULL,
  `ref_id` varchar(50) DEFAULT NULL,
  `details` longtext,
  `created_at` timestamp NOT NULL DEFAULT CURRENT_TIMESTAMP ON UPDATE CURRENT_TIMESTAMP,
  `created_by` int(11) DEFAULT NULL,
  `updated_at` timestamp NOT NULL DEFAULT '0000-00-00 00:00:00',
  `updated_by` int(11) DEFAULT NULL,
  KEY `id` (`id`)
) ENGINE=InnoDB DEFAULT CHARSET=utf8;


DROP TABLE IF EXISTS `img_auth_file`;
CREATE TABLE `img_auth_file` (
  `id` int(11) NOT NULL AUTO_INCREMENT,
  `ref_id` int(11) DEFAULT NULL,
  `details` longtext,
  `created_at` timestamp NOT NULL DEFAULT CURRENT_TIMESTAMP ON UPDATE CURRENT_TIMESTAMP,
  `created_by` int(11) DEFAULT NULL,
  `updated_at` timestamp NOT NULL DEFAULT '0000-00-00 00:00:00',
  `updated_by` int(11) DEFAULT NULL,
  KEY `id` (`id`)
) ENGINE=InnoDB DEFAULT CHARSET=utf8;


DROP TABLE IF EXISTS `img_user_profile`;
CREATE TABLE `img_user_profile` (
  `id` int(11) NOT NULL AUTO_INCREMENT,
  `ref_id` int(11) DEFAULT NULL,
  `details` longtext,
  `created_at` timestamp NOT NULL DEFAULT CURRENT_TIMESTAMP ON UPDATE CURRENT_TIMESTAMP,
  `created_by` int(11) DEFAULT NULL,
  `updated_at` timestamp NOT NULL DEFAULT '0000-00-00 00:00:00',
  `updated_by` int(11) DEFAULT NULL,
  KEY `id` (`id`)
) ENGINE=InnoDB DEFAULT CHARSET=utf8;


DROP TABLE IF EXISTS `issued_info`;
CREATE TABLE `issued_info` (
  `issued_id` int(11) NOT NULL AUTO_INCREMENT,
  `issued_name` varchar(45) COLLATE utf8_unicode_ci DEFAULT NULL,
  `issued_type` varchar(45) COLLATE utf8_unicode_ci DEFAULT NULL,
  `issued_url` varchar(45) COLLATE utf8_unicode_ci DEFAULT NULL,
  `issued_ref_no` varchar(45) COLLATE utf8_unicode_ci DEFAULT NULL,
  `issued_status` varchar(45) COLLATE utf8_unicode_ci DEFAULT NULL,
  PRIMARY KEY (`issued_id`)
) ENGINE=InnoDB DEFAULT CHARSET=utf8 COLLATE=utf8_unicode_ci;


DROP TABLE IF EXISTS `migrations`;
CREATE TABLE `migrations` (
  `migration` varchar(255) COLLATE utf8_unicode_ci NOT NULL,
  `batch` int(11) NOT NULL
) ENGINE=InnoDB DEFAULT CHARSET=utf8 COLLATE=utf8_unicode_ci;


DROP TABLE IF EXISTS `nationality`;
CREATE TABLE `nationality` (
  `id` int(11) NOT NULL AUTO_INCREMENT,
  `nationality` varchar(40) COLLATE utf8_unicode_ci NOT NULL,
  PRIMARY KEY (`id`)
) ENGINE=InnoDB DEFAULT CHARSET=utf8 COLLATE=utf8_unicode_ci;

INSERT INTO `nationality` (`id`, `nationality`) VALUES
(1,	'Afghans'),
(2,	'Albanians'),
(3,	'Algerians'),
(4,	'Americans'),
(5,	'Andorrans'),
(6,	'Angolans'),
(7,	'Argentines'),
(8,	'Armenians'),
(9,	'Aromanians'),
(10,	'Arubans'),
(11,	'Australians'),
(12,	'Austrians'),
(13,	'Azeris'),
(14,	'Bahamians'),
(15,	'Bahrainis'),
(16,	'Barbadians'),
(17,	'Belarusians'),
(18,	'Belgians'),
(19,	'Belizeans'),
(20,	'Bermudians'),
(21,	'Boers'),
(22,	'Bosniaks'),
(23,	'Brazilians'),
(24,	'Bretons'),
(25,	'British'),
(26,	'BritishVirginIslanders'),
(27,	'Bulgarians'),
(28,	'Burkinab�s'),
(29,	'Burmeses'),
(30,	'Burundians'),
(31,	'Cambodians'),
(32,	'Cameroonians'),
(33,	'Canadians'),
(34,	'CapeVerdeans'),
(35,	'Catalans'),
(36,	'Chadians'),
(37,	'Chileans'),
(38,	'Chinese'),
(39,	'Colombians'),
(40,	'Comorians'),
(41,	'Congolese'),
(42,	'Croatians'),
(43,	'Cubans'),
(44,	'Cypriots'),
(45,	'Czechs'),
(46,	'Danes'),
(47,	'Dominicans(Commonwealth)'),
(48,	'Dominicans(Republic)'),
(49,	'Dutch'),
(50,	'EastTimorese'),
(51,	'Ecuadorians'),
(52,	'Egyptians'),
(53,	'Emiratis'),
(54,	'English'),
(55,	'Eritreans'),
(56,	'Estonians'),
(57,	'Ethiopians'),
(58,	'Faroese'),
(59,	'Fijians'),
(60,	'Filipinos'),
(61,	'FinnishSwedish'),
(62,	'Finns'),
(63,	'Frenchcitizens'),
(64,	'Georgians'),
(65,	'Germans'),
(66,	'Ghanaians'),
(67,	'Gibraltar'),
(68,	'Greeks'),
(69,	'Grenadians'),
(70,	'Guatemalans'),
(71,	'Guianese(French)'),
(72,	'Guinea-Bissaunationals'),
(73,	'Guineans'),
(74,	'Guyanese'),
(75,	'Haitians'),
(76,	'Hondurans'),
(77,	'HongKong'),
(78,	'Hungarians'),
(79,	'I-Kiribati'),
(80,	'Icelanders'),
(81,	'Indians'),
(82,	'Indonesians'),
(83,	'Iranians(Persians)'),
(84,	'Iraqis'),
(85,	'Irish'),
(86,	'Israelis'),
(87,	'Italians'),
(88,	'Ivoirians'),
(89,	'Jamaicans'),
(90,	'Japanese'),
(91,	'Jordanians'),
(92,	'Kazakhs'),
(93,	'Kenyans'),
(94,	'Koreans'),
(95,	'Kosovars'),
(96,	'Kurds'),
(97,	'Kuwaitis'),
(98,	'Kyrgyzs'),
(99,	'Lao'),
(100,	'Latvians'),
(101,	'Lebanese'),
(102,	'Liberians'),
(103,	'Libyans'),
(104,	'Liechtensteiners'),
(105,	'Lithuanians'),
(106,	'Luxembourgers'),
(107,	'Macedonians'),
(108,	'Malagasy'),
(109,	'Malawians'),
(110,	'Malaysians'),
(111,	'Maldivians'),
(112,	'Malians'),
(113,	'Maltese'),
(114,	'Manx'),
(115,	'Mauritians'),
(116,	'Mexicans'),
(117,	'Moldovans'),
(118,	'Mongolians'),
(119,	'Montenegrins'),
(120,	'Moroccans'),
(121,	'Namibians'),
(122,	'Nepalese'),
(123,	'NewZealanders'),
(124,	'Nicaraguans'),
(125,	'Nigerians'),
(126,	'Nigeriens'),
(127,	'Norwegians'),
(128,	'Pakistanis'),
(129,	'Palauans'),
(130,	'Palestinians'),
(131,	'Panamanians'),
(132,	'PapuaNewGuineans'),
(133,	'Paraguayans'),
(134,	'Peruvians'),
(135,	'Poles'),
(136,	'Portuguese'),
(137,	'PuertoRicans'),
(138,	'Quebecers'),
(139,	'R�unionnais'),
(140,	'Romanians'),
(141,	'Russians'),
(142,	'Rwandans'),
(143,	'Salvadorans'),
(144,	'S�oTom�andPr�ncipe'),
(145,	'Saudis'),
(146,	'Scots'),
(147,	'Senegalese'),
(148,	'Serbs'),
(149,	'SierraLeoneans'),
(150,	'Sindhian'),
(151,	'Singaporeans'),
(152,	'Slovaks'),
(153,	'Slovenes'),
(154,	'Somalis'),
(155,	'SouthAfricans'),
(156,	'Spaniards'),
(157,	'SriLankans'),
(158,	'StLucians'),
(159,	'Sudanese'),
(160,	'Surinamese'),
(161,	'Swedes'),
(162,	'Swiss'),
(163,	'Syriacs'),
(164,	'Syrians'),
(165,	'Taiwanese'),
(166,	'Tanzanians'),
(167,	'Thais'),
(168,	'Tibetans'),
(169,	'Tobagonians'),
(170,	'Trinidadians'),
(171,	'Tunisians'),
(172,	'Turks'),
(173,	'Tuvaluans'),
(174,	'Ugandans'),
(175,	'Ukrainians'),
(176,	'Uruguayans'),
(177,	'Uzbeks'),
(178,	'Vanuatuans'),
(179,	'Venezuelans'),
(180,	'Vietnamese'),
(181,	'Welsh'),
(182,	'Yemenis'),
(183,	'Zambians'),
(184,	'Zimbabweans');

DROP TABLE IF EXISTS `password_resets`;
CREATE TABLE `password_resets` (
  `email` varchar(255) COLLATE utf8_unicode_ci NOT NULL,
  `token` varchar(255) COLLATE utf8_unicode_ci NOT NULL,
  `created_at` timestamp NOT NULL DEFAULT '0000-00-00 00:00:00',
  KEY `password_resets_email_index` (`email`),
  KEY `password_resets_token_index` (`token`)
) ENGINE=InnoDB DEFAULT CHARSET=utf8 COLLATE=utf8_unicode_ci;


DROP TABLE IF EXISTS `process_list`;
CREATE TABLE `process_list` (
  `process_id` bigint(20) NOT NULL AUTO_INCREMENT,
  `track_no` varchar(150) COLLATE utf8_unicode_ci DEFAULT NULL,
  `reference_no` varchar(65) COLLATE utf8_unicode_ci DEFAULT NULL,
  `company_id` int(11) DEFAULT NULL,
  `record_id` int(11) NOT NULL,
  `process_type` int(11) NOT NULL,
  `initiated_by` int(11) NOT NULL,
  `closed_by` int(11) NOT NULL,
  `desk_id` int(11) NOT NULL,
  `status_id` int(11) NOT NULL,
  `process_desc` varchar(255) COLLATE utf8_unicode_ci NOT NULL,
  `created_at` timestamp NOT NULL DEFAULT CURRENT_TIMESTAMP ON UPDATE CURRENT_TIMESTAMP,
  `updated_at` timestamp NULL DEFAULT NULL,
  `updated_by` int(11) NOT NULL,
  `on_behalf_of_desk` int(11) NOT NULL DEFAULT '0',
  PRIMARY KEY (`process_id`)
) ENGINE=InnoDB DEFAULT CHARSET=utf8 COLLATE=utf8_unicode_ci;


DELIMITER ;;

CREATE TRIGGER `process_list_record` AFTER INSERT ON `process_list` FOR EACH ROW
BEGIN
		
    INSERT INTO process_list_hist VALUES (NEW.process_id, NEW.track_no, NEW.reference_no, NEW.company_id, NEW.record_id, NEW.process_type,
    NEW.initiated_by, NEW.closed_by, NEW.desk_id, NEW.status_id, NEW.process_desc, NEW.created_at, NEW.updated_at, NEW.updated_by,
    NEW.on_behalf_of_desk);
    END;;

CREATE TRIGGER `process_list_record_update` AFTER UPDATE ON `process_list` FOR EACH ROW
BEGIN
		
    INSERT INTO process_list_hist VALUES (NEW.process_id, NEW.track_no, NEW.reference_no, NEW.company_id, NEW.record_id, NEW.process_type,
    NEW.initiated_by, NEW.closed_by, NEW.desk_id, NEW.status_id, NEW.process_desc, NEW.created_at, NEW.updated_at, NEW.updated_by,
    NEW.on_behalf_of_desk);
    END;;

DELIMITER ;

DROP TABLE IF EXISTS `process_list_hist`;
CREATE TABLE `process_list_hist` (
  `process_id` bigint(20) NOT NULL,
  `track_no` varchar(150) COLLATE utf8_unicode_ci DEFAULT NULL,
  `reference_no` varchar(65) COLLATE utf8_unicode_ci DEFAULT NULL,
  `company_id` int(11) DEFAULT NULL,
  `record_id` int(11) NOT NULL,
  `process_type` int(11) NOT NULL,
  `initiated_by` int(11) NOT NULL,
  `closed_by` int(11) NOT NULL,
  `desk_id` int(11) NOT NULL,
  `status_id` int(11) NOT NULL,
  `process_desc` varchar(255) COLLATE utf8_unicode_ci NOT NULL,
  `created_at` timestamp NOT NULL DEFAULT CURRENT_TIMESTAMP ON UPDATE CURRENT_TIMESTAMP,
  `updated_at` timestamp NULL DEFAULT NULL,
  `updated_by` int(11) NOT NULL,
  `on_behalf_of_desk` int(11) NOT NULL DEFAULT '0'
) ENGINE=InnoDB DEFAULT CHARSET=utf8 COLLATE=utf8_unicode_ci;


DROP TABLE IF EXISTS `process_list_history`;
CREATE TABLE `process_list_history` (
  `process_id` bigint(20) NOT NULL,
  `process_type` int(11) NOT NULL,
  `initiated_by` int(11) NOT NULL,
  `closed_by` int(11) NOT NULL,
  `desk_id` int(11) NOT NULL,
  `status_id` int(11) NOT NULL,
  `record_id` int(11) NOT NULL,
  `process_desc` varchar(255) COLLATE utf8_unicode_ci NOT NULL,
  `updated_on` datetime NOT NULL,
  `updated_by` int(11) NOT NULL,
  KEY `process_id` (`process_id`)
) ENGINE=InnoDB DEFAULT CHARSET=utf8 COLLATE=utf8_unicode_ci;


DROP TABLE IF EXISTS `security_assign`;
CREATE TABLE `security_assign` (
  `id` int(11) NOT NULL AUTO_INCREMENT,
  `caption` varchar(50) COLLATE utf8_unicode_ci NOT NULL,
  `ips` varchar(150) COLLATE utf8_unicode_ci NOT NULL,
  `week_off_days` varchar(150) COLLATE utf8_unicode_ci NOT NULL,
  `work_hour_start` time NOT NULL,
  `work_hour_end` time NOT NULL,
  `status` enum('yes','no') COLLATE utf8_unicode_ci NOT NULL,
  `created_by` int(11) NOT NULL,
  `updated_by` int(11) NOT NULL,
  `created_at` datetime NOT NULL,
  `updated_at` datetime NOT NULL,
  PRIMARY KEY (`id`)
) ENGINE=InnoDB DEFAULT CHARSET=utf8 COLLATE=utf8_unicode_ci;


DROP TABLE IF EXISTS `security_profile`;
CREATE TABLE `security_profile` (
  `id` int(11) NOT NULL AUTO_INCREMENT,
  `profile_name` varchar(50) COLLATE utf8_unicode_ci NOT NULL,
  `user_email` varchar(50) COLLATE utf8_unicode_ci NOT NULL,
  `user_type` varchar(50) COLLATE utf8_unicode_ci NOT NULL,
  `allowed_remote_ip` varchar(150) COLLATE utf8_unicode_ci NOT NULL,
  `week_off_days` varchar(100) COLLATE utf8_unicode_ci NOT NULL,
  `work_hour_start` time NOT NULL,
  `work_hour_end` time NOT NULL,
  `active_status` enum('yes','no') COLLATE utf8_unicode_ci NOT NULL,
  `created_by` int(11) NOT NULL,
  `updated_by` int(11) NOT NULL,
  `created_at` datetime NOT NULL,
  `updated_at` datetime NOT NULL,
  PRIMARY KEY (`id`)
) ENGINE=InnoDB DEFAULT CHARSET=utf8 COLLATE=utf8_unicode_ci;


DROP TABLE IF EXISTS `task_list`;
CREATE TABLE `task_list` (
  `task_id` bigint(20) NOT NULL AUTO_INCREMENT,
  `task_type` int(11) NOT NULL,
  `initiated_by` int(11) NOT NULL,
  `closed_by` int(11) NOT NULL,
  `assigned_to` int(11) NOT NULL,
  `status` enum('Initiated','Approved','Cancel','Hold') COLLATE utf8_unicode_ci NOT NULL,
  `record_id` int(11) NOT NULL,
  `task_desc` varchar(255) COLLATE utf8_unicode_ci NOT NULL,
  `updated_on` datetime NOT NULL,
  `updated_by` datetime NOT NULL,
  PRIMARY KEY (`task_id`)
) ENGINE=InnoDB DEFAULT CHARSET=utf8 COLLATE=utf8_unicode_ci;


DROP TABLE IF EXISTS `users`;
CREATE TABLE `users` (
  `id` int(11) NOT NULL AUTO_INCREMENT,
  `user_type` varchar(20) COLLATE utf8_unicode_ci NOT NULL,
  `user_sub_type` int(11) DEFAULT '0',
  `delegate_to_user_id` bigint(20) DEFAULT NULL,
  `delegate_by_user_id` bigint(20) DEFAULT NULL,
  `is_sub_admin` tinyint(4) NOT NULL DEFAULT '0',
  `code` varchar(20) CHARACTER SET utf8 DEFAULT '0',
  `desk_id` int(11) NOT NULL DEFAULT '0',
  `user_full_name` varchar(50) COLLATE utf8_unicode_ci NOT NULL,
  `user_email` varchar(100) COLLATE utf8_unicode_ci NOT NULL,
  `password` varchar(120) COLLATE utf8_unicode_ci NOT NULL,
  `user_social_type` enum('facebook','google','twitter','') COLLATE utf8_unicode_ci NOT NULL,
  `user_social_id` varchar(100) COLLATE utf8_unicode_ci NOT NULL,
  `user_hash` text COLLATE utf8_unicode_ci NOT NULL,
  `user_status` enum('active','inactive','rejected') CHARACTER SET utf8 NOT NULL,
  `user_verification` enum('yes','no') COLLATE utf8_unicode_ci NOT NULL DEFAULT 'no',
  `user_pic` text COLLATE utf8_unicode_ci NOT NULL,
  `user_nid` int(20) DEFAULT '0',
  `user_DOB` date NOT NULL,
  `user_gender` enum('Male','Female','Not defined') COLLATE utf8_unicode_ci NOT NULL DEFAULT 'Not defined',
  `user_phone` varchar(20) COLLATE utf8_unicode_ci DEFAULT NULL,
  `authorization_file` varchar(70) COLLATE utf8_unicode_ci NOT NULL,
  `signature` varchar(70) COLLATE utf8_unicode_ci NOT NULL,
  `user_first_login` timestamp NOT NULL DEFAULT '0000-00-00 00:00:00',
  `user_language` varchar(10) COLLATE utf8_unicode_ci NOT NULL DEFAULT 'bn',
  `security_profile_id` int(11) NOT NULL DEFAULT '0',
  `details` text COLLATE utf8_unicode_ci NOT NULL,
  `district` int(11) NOT NULL DEFAULT '0',
  `thana` int(11) NOT NULL DEFAULT '0',
  `user_agreement` tinyint(4) NOT NULL DEFAULT '0',
  `first_login` tinyint(4) NOT NULL DEFAULT '0',
  `created_by` int(11) DEFAULT NULL,
  `created_at` timestamp NOT NULL DEFAULT '0000-00-00 00:00:00',
  `updated_at` timestamp NOT NULL DEFAULT CURRENT_TIMESTAMP ON UPDATE CURRENT_TIMESTAMP,
  `is_approved` tinyint(1) NOT NULL DEFAULT '0',
  `is_locked` int(11) NOT NULL,
  `updated_by` int(11) NOT NULL,
  `remember_token` varchar(100) COLLATE utf8_unicode_ci NOT NULL,
  `login_token` varchar(255) COLLATE utf8_unicode_ci NOT NULL,
  `user_hash_expire_time` datetime NOT NULL,
  `auth_token_allow` int(11) NOT NULL DEFAULT '0',
  `auth_token` varchar(50) COLLATE utf8_unicode_ci NOT NULL,
  PRIMARY KEY (`id`),
  UNIQUE KEY `user_email` (`user_email`)
) ENGINE=InnoDB DEFAULT CHARSET=utf8 COLLATE=utf8_unicode_ci;

INSERT INTO `users` (`id`, `user_type`, `user_sub_type`, `delegate_to_user_id`, `delegate_by_user_id`, `is_sub_admin`, `code`, `desk_id`, `user_full_name`, `user_email`, `password`, `user_social_type`, `user_social_id`, `user_hash`, `user_status`, `user_verification`, `user_pic`, `user_nid`, `user_DOB`, `user_gender`, `user_phone`, `authorization_file`, `signature`, `user_first_login`, `user_language`, `security_profile_id`, `details`, `district`, `thana`, `user_agreement`, `first_login`, `created_by`, `created_at`, `updated_at`, `is_approved`, `is_locked`, `updated_by`, `remember_token`, `login_token`, `user_hash_expire_time`, `auth_token_allow`, `auth_token`) VALUES
(1,	'1x101',	0,	NULL,	NULL,	0,	'0',	0,	'system admin',	'sysadmin@batworld.com',	'$2y$10$zvQbRiEhe89R/Hn/bfDCweXL5O1OPTQFo6jZbGqyGrCWMmjIBL7WC',	'',	'',	'5736e2ef45fd6372a414c45c5f3b51eae7344ced7b66e9b92bd12f06b8bead13',	'active',	'yes',	'1915480_1005800602824918_8927183279806322547_n.jpg',	2147483647,	'1988-02-05',	'Not defined',	'+8801767957181',	'5653f6065b6cemozilla.pdf',	'80300.jpg',	'2015-11-24 04:58:27',	'en',	0,	'heolloooooooo',	0,	0,	1,	1,	0,	'0000-00-00 00:00:00',	'2016-07-23 08:08:28',	1,	0,	1,	'6sksHC7VBna4P62iAaq2jA5kF4P7BqHonlIL8D8oGKhXOdf9r2YEECkjPhu3',	'',	'0000-00-00 00:00:00',	0,	''),
(3,	'4x404',	2,	NULL,	NULL,	0,	'0',	6,	'Moha Executive',	'executive@batworld.com',	'$2y$10$.XB30GO4jn7bx7EauLrWkugIaCNGxiQCgrFTeFDeSSrGdQYd6Rneq',	'',	'',	'5736e2ef45fd6372a414c45c5f3b51eae7344ced7b66e9b92bd12f06b8bead13',	'active',	'no',	'10690134_902402629771582_542049910312044615_n.jpg',	2147483647,	'0000-00-00',	'Not defined',	'+8801722393251',	'5653f6065b6cemozilla.pdf',	'',	'2015-11-23 16:58:27',	'',	0,	'heolloooooooo',	480,	0,	1,	1,	0,	'0000-00-00 00:00:00',	'2016-05-11 10:16:28',	1,	0,	1,	'C16zqePHOCffLNfImZH27CnT9erONDBN0u9woMOZmNjDj9JUXfTtvMQgyJBv',	'',	'0000-00-00 00:00:00',	0,	''),
(169,	'4x404',	NULL,	NULL,	NULL,	0,	NULL,	3,	'sabina',	'khaleda@automation.com.bd',	'$2y$10$cztmRnrWMaVHVGahtq6j6ez/Nm1YNikQiJw8m97W.E5pjUqz5Og1u',	'',	'',	'70ffac964d3872bd4de542180c5ff5f6a2c2ddd276594e85b1847af9b8ca8ca4',	'active',	'yes',	'',	2147483647,	'1988-02-05',	'Not defined',	'+8801722393251',	'',	'',	'0000-00-00 00:00:00',	'bn',	0,	'dfdgfdg',	139,	140,	1,	1,	0,	'2016-03-02 08:32:43',	'2016-03-29 08:52:39',	1,	0,	1,	'NF63HGRYP4hQPQ8tTdo1NrSsho3kvC9UwvtYfx3v47grEpLPqiIy2uKQ08ov',	'',	'0000-00-00 00:00:00',	0,	''),
(170,	'5x505',	NULL,	NULL,	NULL,	0,	NULL,	0,	'Sirajul Islam',	'siraj@batworld.com',	'$2y$10$9yvOa2FrzfmlJCGlIh7E2eugLBnnG9vdTJXPTIOV4o7z2fNSJ1.tK',	'',	'',	'913a6bbb80561aa67975bb0a099c47aca8e820e1ee6f5bf547228ab0c8930237',	'active',	'yes',	'',	2147483647,	'1988-02-05',	'Not defined',	'+8801722393251',	'',	'',	'0000-00-00 00:00:00',	'bn',	0,	'applicant',	480,	481,	1,	1,	0,	'2016-03-03 10:02:31',	'2016-05-08 05:47:23',	1,	0,	1,	'gCEwtfaDpDFJMdI0mzxhnnNzOxsTKmToCbMkvi7SfqnUWsXQg0zY9ziSiBuq',	'EQDXkzzkrsM6ZJY5u8dNlXTTm50JByIrQIxmi7_m7Pi9LxcNEc6Ke8UFY6IcPLdeI74DzFDv1l61K_wwX9PAcA',	'0000-00-00 00:00:00',	0,	''),
(172,	'4x404',	NULL,	NULL,	NULL,	0,	NULL,	8,	'Joint Secretary',	'milonfci99@gmail.com',	'$2y$10$Jl9kRLAMXEeCMGefnktp7uouHQwgwL.u6VbiR/FtszZFarm7hqWIy',	'',	'',	'QydJ7gVLySpuKZQoRdkKYGAryBOWlyMUrAbzZCZkJcY-iQOgucfN5gIjfH6looT9AOVk44-Vo0g6L1DBJr1vZsijsiZJyZjveTP-R9eIV5Wgy8QmGWV7u3kbRi_Fv0NW',	'active',	'yes',	'',	2147483647,	'1988-03-05',	'Not defined',	'+8801722393251',	'',	'',	'0000-00-00 00:00:00',	'en',	0,	'',	2,	481,	1,	1,	1,	'2016-03-04 13:16:31',	'2016-05-04 11:22:35',	1,	0,	1,	'hf3Ez0yvY0ERywvJOtDZeJcoQgtqUO7jtnNdpRIrBHc491NXCVOfcLntzsAG',	'',	'2016-03-05 01:16:31',	0,	''),
(173,	'4x404',	NULL,	0,	0,	0,	NULL,	2,	'Additional Secretary',	'milonfci@gmail.com',	'$2y$10$rJDTq1RvxcmLbALg7ke9He1wGzNuQ9mmZboCt0awIy4j0FamjgZ1m',	'',	'',	'bJgfVjopzqTVooeXVSxzvFh_ImbrhiALCKjrDIRg5eU-iQOgucfN5gIjfH6looT9AOVk44-Vo0g6L1DBJr1vZsijsiZJyZjveTP-R9eIV5Wgy8QmGWV7u3kbRi_Fv0NW',	'active',	'yes',	'',	2147483647,	'1988-03-05',	'Not defined',	'+8801722393251',	'',	'',	'0000-00-00 00:00:00',	'bn',	0,	'',	480,	481,	1,	1,	1,	'2016-03-04 15:39:42',	'2016-05-04 11:20:40',	1,	0,	1,	'OJSeKTxkpAbQLR9l2Lrnq5mFePRkvEuTIaN17aVZnbreK67KjtyrpCvqG8OX',	'',	'2016-03-05 03:39:42',	0,	''),
(174,	'4x404',	NULL,	0,	0,	0,	NULL,	3,	'sb gatekeeper',	'kaium@batworld.com',	'$2y$10$jkw7NSHAPKFDB0n7vRv/ou2SNf/a7O/RSb1veIsUG.ByTQ.yYrqzC',	'',	'',	'913a6bbb80561aa67975bb0a099c47aca8e820e1ee6f5bf547228ab0c8930237',	'active',	'yes',	'',	2147483647,	'1988-03-05',	'Not defined',	'+8801722393251',	'',	'',	'0000-00-00 00:00:00',	'en',	0,	'',	2,	575,	1,	1,	1,	'2016-03-04 15:48:14',	'2016-07-20 05:54:30',	1,	0,	174,	'uDbjnc5JEHKQsNH2PCIJYHe0pu5Jpeuno3r4VUFp2mtvQCqDHliSnnbD6OKp',	'O6xH1r-y_cJcqqL1pPmCC1aCJ24zs0jZwGBtY4Vdszc-7tDBxZIimI6D5saOQ5Kf_c5mH-NSEWVrNM296aTpmA',	'2016-03-05 03:48:14',	0,	''),
(175,	'4x404',	NULL,	191,	175,	0,	NULL,	4,	'nsi gatekeeper',	'khaleda@batworld.com',	'$2y$10$JZ86zorvV1NXBH/qx6WVaOLS5eiiPfcmINbyVOvvCqJMOSzcKSVbW',	'',	'',	'b57a510e2ba3e33752aba7db87a7dcb377d5e1a894056caa7a6032453481dfaa',	'active',	'yes',	'',	2147483647,	'1988-03-05',	'Not defined',	'+8801722393251',	'',	'',	'0000-00-00 00:00:00',	'bn',	0,	'',	2,	567,	1,	1,	1,	'2016-03-04 15:52:49',	'2016-04-28 10:51:05',	1,	0,	1,	'qdzB3IHM597X7O87ONnfKJBB5MMH0qtjUx54qyZ7HL4JcGEUV3QcenF2mzKJ',	'',	'2016-03-05 03:52:49',	0,	''),
(176,	'4x404',	NULL,	NULL,	NULL,	0,	NULL,	6,	'sb verifier',	'khaleda@ocpl.com.bd',	'$2y$10$1I/Yx6I0dCrtyZHmI3cVtun3huVYCKnBrAbetTAxduj8sYMtuVOme',	'',	'',	'tum5rW3N_JGZXdeBspyf9XSF7uzdPMvTzJSVNglZsjY-iQOgucfN5gIjfH6looT9AOVk44-Vo0g6L1DBJr1vZsijsiZJyZjveTP-R9eIV5Wgy8QmGWV7u3kbRi_Fv0NW',	'active',	'yes',	'',	2147483647,	'1988-03-05',	'Not defined',	'+8801722393251',	'',	'',	'0000-00-00 00:00:00',	'bn',	0,	'',	343,	348,	1,	1,	1,	'2016-03-04 15:57:17',	'2016-05-04 11:00:32',	1,	0,	1,	'LKkLhnqi9AOG4ppU6Z47yY1Bl9uoSVC4Opvjn1cZjCctFBGcgCIS3kQo0N5T',	'',	'2016-03-05 03:57:17',	0,	''),
(177,	'4x404',	NULL,	0,	0,	0,	NULL,	7,	'nsi verifier (sifat)',	'sifat@batworld.com',	'$2y$10$02arlBtEJultvshlxZJZEuW2MeeJV5FsE7IjYwW2Dh3yA2k1yZ.3u',	'',	'',	'b57a510e2ba3e33752aba7db87a7dcb377d5e1a894056caa7a6032453481dfaa',	'active',	'yes',	'',	2147483647,	'1988-03-05',	'Not defined',	'+8801722393251',	'',	'',	'0000-00-00 00:00:00',	'bn',	0,	'',	333,	339,	1,	1,	1,	'2016-03-04 15:59:59',	'2016-04-28 12:39:10',	1,	0,	1,	'PBehock9m3gwZZkeA7vXy1MVFEPNnWTxHSF7JVV342OzBTuuHFEDOqHGpZR2',	'',	'2016-03-05 03:59:59',	0,	''),
(178,	'4x404',	NULL,	0,	0,	0,	NULL,	1,	'Administrative Officer',	'tonoy@batworld.com',	'$2y$10$.XB30GO4jn7bx7EauLrWkugIaCNGxiQCgrFTeFDeSSrGdQYd6Rneq',	'',	'',	'E29VreEnSn8Zfkq8IY9Hnz1Ifs3WZq3FPqVMa5wkNIQ-iQOgucfN5gIjfH6looT9AOVk44-Vo0g6L1DBJr1vZsijsiZJyZjveTP-R9eIV5Wgy8QmGWV7u3kbRi_Fv0NW',	'active',	'yes',	'',	2147483647,	'1988-03-05',	'Not defined',	'+8801722393251',	'',	'',	'0000-00-00 00:00:00',	'bn',	0,	'',	480,	486,	1,	1,	1,	'2016-03-04 16:24:00',	'2016-05-05 11:32:42',	1,	0,	178,	'NauSNEw6zxwnGTwUPdN4iTNZnEcVO1diBmKwcFPB5PisXznIonRW7m6c3njX',	'',	'2016-03-05 04:24:00',	0,	''),
(184,	'4x404',	0,	NULL,	NULL,	0,	'0',	8,	'Sb Verifier test dd',	'khaleda1@ocpl.com.bd',	'$2y$10$.XB30GO4jn7bx7EauLrWkugIaCNGxiQCgrFTeFDeSSrGdQYd6Rneq',	'',	'',	'aedadb0c633241af6583fc7b675a8f8a543c052ee82512eba932340ded88f6f7',	'active',	'yes',	'',	2147483647,	'1988-02-05',	'Not defined',	'+8801722393251',	'',	'',	'0000-00-00 00:00:00',	'bn',	0,	'',	2,	565,	1,	1,	174,	'2016-03-05 06:54:52',	'2016-05-04 10:50:05',	1,	0,	174,	'A1D6OXP6htKvQlrvvriF4K2FXJc6AnVqBa5xYJ0z3w4X5vRu4bTgdummLftj',	'',	'2016-03-05 18:54:52',	0,	''),
(185,	'4x404',	0,	NULL,	NULL,	0,	'0',	0,	'Test User today',	'mazharul12@batworld.com',	'$2y$10$dFyQx90YV.U1VS7G/m9hFuzA6VnAGDNsvwZgx3grgG4DMzi8XCByO',	'',	'',	'AhEIB2qbfAnRS0TGRK9BwKTVYOh_f_iwfXtrd50OfRmmvIsGYYwY6w8-dhpb-1qZtoARx7PM--PPZWmYFfNCgoyeFx2J1a89g5zzlr20SjRyLjJ6ElQwT1gqiIAwg_uk',	'active',	'yes',	'',	2147483647,	'2010-12-26',	'Not defined',	'+8801722393251',	'',	'',	'0000-00-00 00:00:00',	'bn',	0,	'',	2,	565,	1,	0,	0,	'2016-03-05 09:25:10',	'2016-03-31 03:43:19',	1,	0,	0,	'S7lzJng0UdLU5GPyNsRh7OBKrItJmPyWYkwHPCpFSLJoaUz4jawNIWPNZTA2',	'',	'0000-00-00 00:00:00',	0,	''),
(186,	'2x202',	0,	NULL,	NULL,	0,	'0',	0,	'help desk of it',	'it@batworld.com',	'$2y$10$TN/.99D1ggFUNSlo1GkY7O9ITgE2U9r2RweeB4kClgWNeZZJpddbK',	'',	'',	'bHGkCxlpHC3lwTsVFiZMxeSqInQMoLQKlmos63KrEkA-iQOgucfN5gIjfH6looT9AOVk44-Vo0g6L1DBJr1vZsijsiZJyZjveTP-R9eIV5Wgy8QmGWV7u3kbRi_Fv0NW',	'active',	'yes',	'',	2147483647,	'1988-02-05',	'Not defined',	'01722393251',	'',	'',	'0000-00-00 00:00:00',	'bn',	0,	'',	0,	0,	1,	1,	1,	'2016-03-06 06:31:00',	'2016-05-11 10:16:06',	1,	0,	1,	'pmeM2QnybpThZ4z9d7aiNwqUMGe4JQYo8tVr22Ms3wbvq0daZ78t8OkieZER',	'',	'2016-03-06 18:31:00',	0,	''),
(189,	'4x404',	0,	NULL,	NULL,	0,	'0',	2,	'khaleda sabina',	'khaleda1@queue-pro.com',	'$2y$10$zKCKN1wGmm3zmu6UcKhfguoa9RdCtUz.wdYb6w8Y7vdsTWutkAsZi',	'',	'',	'BCM9cayy3HMX9nCTXbs6cf84sxLvuPALNP1CBuh3UwowYsvBrSH89lTL22IpA6obHAXTmvZW1m4_S9PeS7p_-ZzxZhlLaGdY3R0LeTgqKeMYBop611n_YJbzBegN6eCD',	'active',	'yes',	'',	0,	'1986-02-06',	'Not defined',	'+8801722393251',	'2016_boi_ors_forwarding_5694e7b6e6c7b4.32290614.pdf',	'',	'0000-00-00 00:00:00',	'bn',	0,	'',	2,	568,	1,	0,	0,	'2016-03-29 09:16:18',	'2016-03-31 03:36:06',	1,	0,	1,	'ScOSpD5rlEOoNtf2yKeweGwkLjObMhTaGD3mQw09PorSOjH9xm1Qj8KKnc1P',	'',	'0000-00-00 00:00:00',	0,	''),
(190,	'4x404',	0,	NULL,	NULL,	0,	'0',	9,	'sb dig',	'khaleda@queue-pro.com',	'$2y$10$ioA1Nj0VYy8zEtbT9koy1.jeFq3ZwtALmznfGl7fJraNSS8KXI4xe',	'',	'',	'XglBztT2-Hw5rcCgya79Jj9Br4-teriABgDGd-R3ddalfU66DIuK8j3R_eoE8QU9oHYrPsGhf5rTXi_fL6QhX7aWkwGJvlH-X8k1nNOqK9aAK5Q9KziM7JYki0HctZ1K',	'active',	'yes',	'',	0,	'1965-06-15',	'Not defined',	'01722395251',	'',	'',	'0000-00-00 00:00:00',	'bn',	0,	'',	480,	484,	1,	1,	1,	'2016-03-31 03:34:00',	'2016-05-03 07:03:34',	1,	0,	1,	'YDEbXxiGVjIz3217W2W1OQ3U7xYH9iQVyVKSjfBolM2zFqZDB3Nmbs4RcfSk',	'',	'2016-03-31 15:34:00',	0,	''),
(191,	'4x404',	0,	NULL,	NULL,	0,	'0',	10,	'nsi director',	'mazharul@batworld.com',	'$2y$10$380NWOnVGhLNcxvEcnJHHeNXIaSFBksHeDE8TXNVI7MV9LPdihzYK',	'',	'',	'os0JPFcFauQTsAe79W1eVsa6vlCT1QhW1zmr8XRBl4OlfU66DIuK8j3R_eoE8QU9oHYrPsGhf5rTXi_fL6QhX7aWkwGJvlH-X8k1nNOqK9aAK5Q9KziM7JYki0HctZ1K',	'active',	'yes',	'',	0,	'1965-06-15',	'Not defined',	'01722395251',	'',	'',	'0000-00-00 00:00:00',	'bn',	0,	'',	480,	486,	1,	1,	1,	'2016-03-31 03:36:43',	'2016-04-29 05:34:45',	1,	0,	1,	'vWuvxfngrT1iEO7S9rgiJ4mwxWPXFEzy6RnCrpyYmV3j5QOLNdXpI3FZvOqf',	'yZhcOLvOe3bqKV0GVeIGLtsoP1azNwKs7sZjRE5YILeKR56W1zMRgSStIqF-Ddz6vK7TG0aoJsuKUgMLEzsJ1A',	'2016-03-31 15:36:43',	0,	''),
(192,	'5x505',	0,	NULL,	NULL,	0,	'0',	0,	'Applicant',	'applicant@batworld.com',	'$2y$10$380NWOnVGhLNcxvEcnJHHeNXIaSFBksHeDE8TXNVI7MV9LPdihzYK',	'',	'',	'oK7WoEdLNkrBg06JYlGE_ZrJMvRWBXdiDT7vp0bBPjcgDfIU8XwuBBE2x0hgHvGEqXzGlExBHrmhgyJusoKkc75fQHaqaL-nfXtTyIdML0uv8xSwVBsjvn4a9FwpwZKL',	'active',	'yes',	'',	2147483647,	'1965-06-15',	'Not defined',	'+8801722395251',	'',	'',	'0000-00-00 00:00:00',	'bn',	0,	'',	506,	509,	0,	1,	1,	'2016-04-25 04:03:03',	'2016-05-12 06:55:16',	1,	0,	192,	'ysOd4B5iwSNgJNLYT8tPIuF7LYxOWS5pTjHxMyhrPyFi2s2SDEpp8H5ak0mA',	'',	'2016-04-25 16:03:03',	0,	''),
(193,	'5x505',	0,	NULL,	NULL,	0,	'0',	0,	'Applicant Two',	'applicant2@batworld.com',	'',	'',	'',	'ixTYtcBrcOpZUuPPjsBHvSTSg1EswCD8D-xwIKK52QHyuNSUITGn5l4DyIXUr7nfg1ImITZwrUPKcajwpW6PStHDuS3x0Sl1RXW4WAFUNKJOGq-mYJQx28VhCfB5PdJf',	'inactive',	'no',	'',	2147483647,	'1988-02-05',	'Not defined',	'+8801722393251',	'',	'',	'0000-00-00 00:00:00',	'bn',	0,	'',	0,	0,	0,	0,	0,	'2016-04-26 03:43:02',	'2016-04-26 03:43:02',	0,	0,	0,	'',	'',	'0000-00-00 00:00:00',	0,	''),
(194,	'5x505',	0,	NULL,	NULL,	0,	'0',	0,	'Md. Foyaz Ullah',	'shahin@batworld.com',	'$2y$10$4BlQkR7FU7ybp3s32YRWJ.2YP3S2UjYqCJVMT3bI3HiFYiST/nVIO',	'',	'',	'iloCBCYuBIJCTZzLeiM2TG6mk2_AArHx2koHOYRmet0_FvgyxPSkZwwRY7fZ6dflAw9J5QraGIJyGTI27MX7U_LBaFdSBeYXu_R00XRBu4gwTLiBNEqXXd0uXx4TDdHE',	'active',	'yes',	'',	2147483647,	'1988-02-05',	'Not defined',	'+8801767957180',	'',	'',	'0000-00-00 00:00:00',	'bn',	0,	'',	506,	509,	1,	1,	0,	'2016-04-26 11:40:27',	'2016-04-26 11:51:42',	1,	0,	1,	'f0GvZTfer0TdRemcb3t6nI4YpbA6WpQjE9rVTHMA5d3iChEIof23EJ1TkcGm',	'tQiDLoOw1DaLhbOPMZjYIoyqhIvdpbDlImtarKV1Tn6jcQdIYMvOhaBqCNOhUeZJJOdyIqizrS_WizLu4DbnnA',	'0000-00-00 00:00:00',	0,	''),
(195,	'4x404',	0,	NULL,	NULL,	0,	'0',	7,	'NSI Verifier',	'nsiverifier1@batworld.com',	'',	'',	'',	'B8zJapa1t6zPCzRPWRDI-uST5KBu3t_lDlro90Ryse52K2Dj5zm8NIcdPKlwy-j77TP8R5Dp37hm8fLGnq0uL7noiuCfkmYiEDMMwb2u1-bAT6lVu8nN6egrbTll5C2s',	'active',	'no',	'',	0,	'2016-02-01',	'Not defined',	'12345655432',	'',	'',	'0000-00-00 00:00:00',	'bn',	0,	'',	2,	3,	0,	0,	175,	'2016-04-28 10:31:39',	'2016-04-28 10:31:39',	1,	0,	175,	'',	'',	'2016-04-28 22:31:39',	0,	''),
(196,	'5x505',	0,	NULL,	NULL,	0,	'0',	0,	'rrr',	'rimrim.bd@gmail.com',	'$2y$10$Wu6MX2TLCE3iYq/lLeSwTupzdosUn9QxU9Jr0C2RG/YWO0PiKttQ.',	'',	'',	'zheTNntuxWDKzF7aiWLNfuNwIROtc9EKJyUD1uuc0JhsJ0Wr4TuSZ5B97Bq9YEh4PqFYounU5GQXUOj_x9Bq8-OkjLpxgLT8oZdWVARGX2nvtlu9OfH8HgACNHegrGph',	'inactive',	'yes',	'',	2147483647,	'1984-05-02',	'Not defined',	'+8801235421487',	'',	'',	'0000-00-00 00:00:00',	'bn',	0,	'',	2,	565,	1,	1,	0,	'2016-05-02 06:38:27',	'2016-05-10 03:55:35',	0,	0,	0,	'JllMIvG0epTgTe9AG6OSL8fzuBlAvzACjHIS4Lj2osv4mwFJLqH4VzcMJqRr',	'',	'0000-00-00 00:00:00',	0,	''),
(197,	'5x505',	0,	NULL,	NULL,	0,	'0',	0,	'hh',	'r2@y.com',	'',	'',	'',	'yXlwiUz5RobSF38kkmmdc1pJIJ2z0pfn7iTvE1HodDD2cCESxsxVPTK78hPjfFyab8RShPG5h3T7_c2FA4H8eq-qEbBvt-SGzq_eD4g0qC0KYUN647p1iBb9dfqaTlwS',	'inactive',	'no',	'',	2147483647,	'1984-05-02',	'Not defined',	'+8801722393251',	'',	'',	'0000-00-00 00:00:00',	'bn',	0,	'',	0,	0,	0,	0,	0,	'2016-05-03 07:11:04',	'2016-05-03 07:11:04',	0,	0,	0,	'',	'',	'0000-00-00 00:00:00',	0,	''),
(198,	'4x404',	0,	NULL,	NULL,	0,	'0',	6,	'Rima bd',	'rima1@batworld.com',	'$2y$10$bo8HLNuX08sWiD0xQGtnw.nvfnsfUEXJAGaJHTOjusRPhzUo46ate',	'',	'',	'4zaGuNsU0oxclvNK0-o3bE0QNNBjUJ5tlA0zT2zW4TdYEqOe2b_pSlmCAFEVc25mA3Tiz6nPq5iTylPEAzzlCE9TeQPSzJ-2nmihXFNpoyHCk8jBWtaC42Ir0BfljPCU',	'active',	'yes',	'Bill of Freelancer.docx',	2147483647,	'2016-05-01',	'Not defined',	'+8801752486593',	'',	'api_url.txt',	'0000-00-00 00:00:00',	'bn',	0,	'',	2,	586,	1,	1,	174,	'2016-05-03 10:42:13',	'2016-05-04 04:25:43',	1,	0,	198,	'',	'2g4r-XlntyfVCPgPZ4eSl0Wdei4vSK2B3fOo5MRAI2Uf_yu_q0uKLO3SF3DQWE-W_ybxiYLyv_SsZbhAvB3G8g',	'2016-05-03 22:42:13',	1,	''),
(199,	'4x404',	0,	NULL,	NULL,	0,	'0',	1,	'TT',	'rima@batworld.com',	'$2y$10$SniuaGX1ZcTupNYmiSCQ6eTrUAAMK.Bum9gftwZiOYpq5r7zAVwte',	'',	'',	'oOKqg7IVizbWg0TuGeLyCPwDiVrspXq3O9Ql0MLQkCRYEqOe2b_pSlmCAFEVc25mA3Tiz6nPq5iTylPEAzzlCETInatf8VamBGDxgO5SKQLcyQ7VLEWxA4KZ7F_hHTVp',	'active',	'yes',	'12698510_1126963680647407_6684117289817039293_o.jpg',	2147483647,	'1995-01-02',	'Not defined',	'+8801722393251',	'',	'565-google-drive.jpg',	'0000-00-00 00:00:00',	'bn',	0,	'',	2,	563,	1,	1,	1,	'2016-05-04 04:27:10',	'2016-05-05 07:02:55',	1,	0,	199,	'bQuNWUIf6Z211Bg4LmEb79m8oGFsAkBNPVMaE7zzFA1tZt2pP2P9p0t5rFfG',	'',	'2016-05-04 16:27:10',	1,	''),
(200,	'2x202',	0,	NULL,	NULL,	0,	'0',	0,	'IT Help Desk',	'rima@ocpl.com.bd',	'$2y$10$gfRUChCRPbxk71VtDbDCpuJqtlkBmKjbACUaGXqZOlF9Wj36hx/7m',	'',	'',	'KQS7Y5ZuDdjtMj7LBmrHnghZ0i3D3tyejcVVousg8YhFkC4mKAwRxhHn7E6IN752gqteG5187synM9EvNHLV14r2vuLHqTRTV7jeCCU4IRdnU0KJbErVn7YAOeKw99vS',	'active',	'yes',	'',	2147483647,	'2010-01-04',	'Not defined',	'+8801722393250',	'',	'',	'0000-00-00 00:00:00',	'bn',	0,	'',	0,	0,	1,	1,	1,	'2016-05-07 04:29:20',	'2016-05-12 05:22:52',	1,	0,	1,	'0lP4wC6pb6cgOfbC0QZoD647X6GkPPNgEkXpA35eQtoyQvHSaYKIzQWE0mFZ',	'',	'2016-05-07 16:29:20',	0,	''),
(202,	'2x202',	0,	NULL,	NULL,	0,	'0',	0,	'sdfsdf',	'dd@dfg.com',	'',	'',	'',	'FA5HBrI1Iyx5yIvVPo6tph82cErXCuBOkavvTiAeiBmLlMUJnmafjIISd32hlBWpiXgnCfOACI7DUpkm5VynzScQHJUUQ2OTewSCwhPe8MTEyQsK2ImVlbJ-4hgKKU3Z',	'active',	'no',	'',	2147483647,	'2016-05-12',	'Not defined',	'01767957180',	'',	'',	'0000-00-00 00:00:00',	'bn',	0,	'',	0,	0,	0,	0,	1,	'2016-05-12 06:28:21',	'2016-05-12 06:28:21',	1,	0,	1,	'',	'',	'2016-05-12 18:28:21',	0,	''),
(203,	'5x505',	0,	NULL,	NULL,	0,	'0',	0,	'Shahin',	'shahin.fci@gmail.com',	'$2y$10$46Sdn0/t32YfjTdEZfB26eElGvMWpwWnhGpOjHRYQR5.V9ePXa9hS',	'',	'',	'2Yn2fha0phqlKDH5jxRgwuvm4EM65NtbUd9PL5X8ekHPZ0s_FUjsVNCBDdJ4NUEQWD1uMAdXOjQBjus7pxoV-gYG4QRDi7QAZdVZppcLVHtGTmDVlJ3TS-G3DHdMWqEO',	'inactive',	'yes',	'',	0,	'2016-05-12',	'Not defined',	'+8801722393254',	'',	'',	'0000-00-00 00:00:00',	'bn',	0,	'',	506,	509,	1,	1,	0,	'2016-05-12 07:07:56',	'2016-05-12 07:11:25',	1,	0,	1,	'UyM0X7OKDoZyzavcOdOQWfPnjc77f9zmWJoM6C3BtlwKVkHLCLFLWCV2JzC5',	'',	'0000-00-00 00:00:00',	0,	'');

DROP TABLE IF EXISTS `user_desk`;
CREATE TABLE `user_desk` (
  `desk_id` int(11) NOT NULL AUTO_INCREMENT,
  `desk_name` varchar(60) COLLATE utf8_unicode_ci NOT NULL,
  `desk_status` tinyint(1) NOT NULL,
  `deligate_to_desk` varchar(60) COLLATE utf8_unicode_ci DEFAULT '0',
  PRIMARY KEY (`desk_id`)
) ENGINE=InnoDB DEFAULT CHARSET=utf8 COLLATE=utf8_unicode_ci;

INSERT INTO `user_desk` (`desk_id`, `desk_name`, `desk_status`, `deligate_to_desk`) VALUES
(1,	'MHA (AO)',	1,	'8,2'),
(2,	'MHA (Desk-1) Additional Secretary',	1,	'8'),
(3,	'SS SCO',	1,	'9'),
(4,	'NSI Gateway',	1,	'10'),
(5,	'Joint Secretary PA',	1,	'0'),
(6,	'Field Inspection officer (Inspector/Sub Inspector) of SB',	1,	'0'),
(7,	'Field Inspection officer (Inspector/Sub Inspector) of NSI',	1,	'0'),
(8,	'MHA (Desk 2) Joint Secretary',	1,	'1,2'),
(9,	'SB DIG',	1,	'0'),
(10,	'NSI Director',	1,	'0');

DROP TABLE IF EXISTS `user_logs`;
CREATE TABLE `user_logs` (
  `id` int(11) NOT NULL AUTO_INCREMENT,
  `user_id` int(11) NOT NULL,
  `ip_address` varchar(100) COLLATE utf8_unicode_ci NOT NULL,
  `access_log_id` varchar(30) COLLATE utf8_unicode_ci NOT NULL,
  `login_dt` datetime NOT NULL,
  `logout_dt` datetime NOT NULL,
  `created_at` timestamp NOT NULL DEFAULT '0000-00-00 00:00:00',
  `updated_at` timestamp NOT NULL DEFAULT '0000-00-00 00:00:00',
  PRIMARY KEY (`id`)
) ENGINE=InnoDB DEFAULT CHARSET=utf8 COLLATE=utf8_unicode_ci;


DROP TABLE IF EXISTS `user_types`;
CREATE TABLE `user_types` (
  `id` varchar(10) COLLATE utf8_unicode_ci NOT NULL,
  `type_name` varchar(255) COLLATE utf8_unicode_ci NOT NULL,
  `is_registarable` int(5) NOT NULL,
  `access_code` varchar(10) COLLATE utf8_unicode_ci NOT NULL,
  `permission_json` text COLLATE utf8_unicode_ci,
  `status` enum('active','inactive') COLLATE utf8_unicode_ci NOT NULL DEFAULT 'inactive',
  `security_profile_id` int(11) NOT NULL DEFAULT '1',
  `auth_token_type` enum('optional','mandatory') COLLATE utf8_unicode_ci DEFAULT 'optional',
  `db_access_data` varchar(255) COLLATE utf8_unicode_ci DEFAULT NULL,
  `created_at` timestamp NOT NULL DEFAULT '0000-00-00 00:00:00',
  `updated_at` timestamp NOT NULL DEFAULT '0000-00-00 00:00:00',
  `updated_by` int(11) NOT NULL,
  `updated_on` datetime NOT NULL,
  PRIMARY KEY (`id`)
) ENGINE=InnoDB DEFAULT CHARSET=utf8 COLLATE=utf8_unicode_ci;

INSERT INTO `user_types` (`id`, `type_name`, `is_registarable`, `access_code`, `permission_json`, `status`, `security_profile_id`, `auth_token_type`, `db_access_data`, `created_at`, `updated_at`, `updated_by`, `updated_on`) VALUES
('1x101',	'SysAdmin',	-1,	'1_101',	NULL,	'active',	1,	'optional',	NULL,	'2015-12-14 00:04:16',	'0000-00-00 00:00:00',	0,	'0000-00-00 00:00:00'),
('2x202',	'IT Help Desk',	4,	'2_202',	NULL,	'active',	1,	'optional',	NULL,	'0000-00-00 00:00:00',	'0000-00-00 00:00:00',	0,	'0000-00-00 00:00:00'),
('4x404',	'Executive',	1,	'4_404',	NULL,	'active',	1,	'optional',	NULL,	'2014-12-31 06:00:00',	'2014-12-31 06:00:00',	0,	'0000-00-00 00:00:00'),
('5x505',	'Applicant',	1,	'5_505',	NULL,	'active',	1,	'optional',	NULL,	'2014-12-31 06:00:00',	'2014-12-31 06:00:00',	0,	'0000-00-00 00:00:00');

DROP TABLE IF EXISTS `work_permit_form`;
CREATE TABLE `work_permit_form` (
  `app_id` bigint(20) NOT NULL AUTO_INCREMENT,
  `track_no` varchar(65) COLLATE utf8_unicode_ci NOT NULL,
  `certificate_file_name` varchar(120) COLLATE utf8_unicode_ci NOT NULL,
  `certificate` varchar(255) COLLATE utf8_unicode_ci DEFAULT NULL,
  `status_id` int(11) NOT NULL,
  `remarks` varchar(255) COLLATE utf8_unicode_ci DEFAULT NULL,
  `sb_gk_verification_status` int(11) NOT NULL,
  `sb_gk_verification_remarks` varchar(255) COLLATE utf8_unicode_ci DEFAULT NULL,
  `nsi_gk_verification_status` int(11) NOT NULL,
  `nsi_gk_verification_remarks` varchar(255) COLLATE utf8_unicode_ci DEFAULT NULL,
  `company_id` int(11) DEFAULT NULL,
  `issued_by` int(11) DEFAULT NULL,
  `BANK_ISSUE_DATE` varchar(30) COLLATE utf8_unicode_ci DEFAULT NULL,
  `MEETING_AGENDA` varchar(40) COLLATE utf8_unicode_ci DEFAULT NULL,
  `MEETING_DATE` date DEFAULT NULL,
  `ORG_NAME` varchar(256) COLLATE utf8_unicode_ci DEFAULT NULL,
  `ORG_HOUSE_NO` varchar(30) COLLATE utf8_unicode_ci DEFAULT NULL,
  `ORG_FLAT_NO` varchar(30) COLLATE utf8_unicode_ci DEFAULT NULL,
  `ORG_ROAD_NO` varchar(30) COLLATE utf8_unicode_ci DEFAULT NULL,
  `ORG_DISTRICT` varchar(20) COLLATE utf8_unicode_ci DEFAULT NULL,
  `ORG_THANA` varchar(20) COLLATE utf8_unicode_ci DEFAULT NULL,
  `ORG_POST_CODE` varchar(8) COLLATE utf8_unicode_ci DEFAULT NULL,
  `ORG_POST_OFFICE` varchar(30) COLLATE utf8_unicode_ci DEFAULT NULL,
  `ORG_PHONE` varchar(15) COLLATE utf8_unicode_ci DEFAULT NULL,
  `ORG_FAX_NO` varchar(15) COLLATE utf8_unicode_ci DEFAULT NULL,
  `ORG_EMAIL` varchar(60) COLLATE utf8_unicode_ci DEFAULT NULL,
  `ORG_TYPE` varchar(60) COLLATE utf8_unicode_ci DEFAULT NULL,
  `ORG_ACTIVITY` text COLLATE utf8_unicode_ci,
  `INDUSTRY_TYPE` varchar(20) COLLATE utf8_unicode_ci DEFAULT NULL,
  `RECOMMENDATION` text COLLATE utf8_unicode_ci,
  `COMPANY_TYPE` text COLLATE utf8_unicode_ci,
  `EXP_NAME` varchar(200) COLLATE utf8_unicode_ci DEFAULT NULL,
  `POST_EMP_NAME` varchar(100) COLLATE utf8_unicode_ci DEFAULT NULL,
  `NATIONALITY` varchar(30) COLLATE utf8_unicode_ci DEFAULT NULL,
  `PASSPORT_NO` varchar(15) COLLATE utf8_unicode_ci DEFAULT NULL,
  `ARRIVAL_DATE` date DEFAULT NULL,
  `PERIOD_VALIDITY` varchar(40) COLLATE utf8_unicode_ci DEFAULT NULL,
  `PERMIT_EFCT_DATE` date DEFAULT NULL,
  `VISA_PERMIT` varchar(40) COLLATE utf8_unicode_ci DEFAULT NULL,
  `VISA_REF_NO` varchar(80) COLLATE utf8_unicode_ci DEFAULT NULL,
  `DEPT_ID` varchar(80) COLLATE utf8_unicode_ci DEFAULT NULL,
  `VISA_CATEGORY` varchar(80) COLLATE utf8_unicode_ci DEFAULT NULL,
  `APPLICANT_NAME` varchar(120) COLLATE utf8_unicode_ci DEFAULT NULL,
  `AUTH_CAPITAL` varchar(100) COLLATE utf8_unicode_ci DEFAULT NULL,
  `PAID_CAPITAL` varchar(100) COLLATE utf8_unicode_ci DEFAULT NULL,
  `ISSUE_PLACE` varchar(100) COLLATE utf8_unicode_ci DEFAULT NULL,
  `REMITTANCE` varchar(100) COLLATE utf8_unicode_ci DEFAULT NULL,
  `EXPR_DATE` date DEFAULT NULL,
  `EXP_DISTRICT` varchar(50) COLLATE utf8_unicode_ci DEFAULT NULL,
  `EXP_HOME_COUNTRY` varchar(50) COLLATE utf8_unicode_ci DEFAULT NULL,
  `EXP_HOUSE_NO` varchar(50) COLLATE utf8_unicode_ci DEFAULT NULL,
  `EXP_FLAT_NO` varchar(50) COLLATE utf8_unicode_ci DEFAULT NULL,
  `EXP_ROAD_NO` varchar(50) COLLATE utf8_unicode_ci DEFAULT NULL,
  `EXP_POST_CODE` varchar(50) COLLATE utf8_unicode_ci DEFAULT NULL,
  `EXP_POST_OFFICE` varchar(50) COLLATE utf8_unicode_ci DEFAULT NULL,
  `EXP_PHONE` varchar(50) COLLATE utf8_unicode_ci DEFAULT NULL,
  `EXP_FAX_NO` varchar(50) COLLATE utf8_unicode_ci DEFAULT NULL,
  `EXP_EMAIL` varchar(50) COLLATE utf8_unicode_ci DEFAULT NULL,
  `DOB` date DEFAULT NULL,
  `MARITAL_STATUS` varchar(20) COLLATE utf8_unicode_ci DEFAULT NULL,
  `POST_EMP_JOB_DESC` text COLLATE utf8_unicode_ci,
  `EMP_JUSTIFICATION` text COLLATE utf8_unicode_ci,
  `TRAVEL_VISA_CATE` varchar(60) COLLATE utf8_unicode_ci DEFAULT NULL,
  `VISA_TYPE` varchar(60) COLLATE utf8_unicode_ci DEFAULT NULL,
  `FIRST_APPOINT_DATE` date DEFAULT NULL,
  `EFCT_START_DATE` date DEFAULT NULL,
  `EFCT_END_DATE` date DEFAULT NULL,
  `VISA_OTHERS` varchar(80) COLLATE utf8_unicode_ci DEFAULT NULL,
  `VISA_VALIDITY` varchar(50) COLLATE utf8_unicode_ci DEFAULT NULL,
  `PLOC1` varchar(40) COLLATE utf8_unicode_ci DEFAULT NULL,
  `BASIC_SALARY` varchar(40) COLLATE utf8_unicode_ci DEFAULT NULL,
  `CURRENCY1` varchar(40) COLLATE utf8_unicode_ci DEFAULT NULL,
  `ABM1` varchar(40) COLLATE utf8_unicode_ci DEFAULT NULL,
  `ABC1` varchar(40) COLLATE utf8_unicode_ci DEFAULT NULL,
  `PLOC2` varchar(40) COLLATE utf8_unicode_ci DEFAULT NULL,
  `OVERSEAS_ALLOWANCE` varchar(40) COLLATE utf8_unicode_ci DEFAULT NULL,
  `CURRENCY2` varchar(40) COLLATE utf8_unicode_ci DEFAULT NULL,
  `ABM2` varchar(40) COLLATE utf8_unicode_ci DEFAULT NULL,
  `ABC2` varchar(40) COLLATE utf8_unicode_ci DEFAULT NULL,
  `PLOC3` varchar(40) COLLATE utf8_unicode_ci DEFAULT NULL,
  `HOUSE_RENT` varchar(40) COLLATE utf8_unicode_ci DEFAULT NULL,
  `CURRENCY3` varchar(40) COLLATE utf8_unicode_ci DEFAULT NULL,
  `ABM3` varchar(40) COLLATE utf8_unicode_ci DEFAULT NULL,
  `ABC3` varchar(40) COLLATE utf8_unicode_ci DEFAULT NULL,
  `PLOC4` varchar(40) COLLATE utf8_unicode_ci DEFAULT NULL,
  `CONVEYANCE_ALLOWANCE` varchar(40) COLLATE utf8_unicode_ci DEFAULT NULL,
  `CURRENCY4` varchar(40) COLLATE utf8_unicode_ci DEFAULT NULL,
  `ABM4` varchar(40) COLLATE utf8_unicode_ci DEFAULT NULL,
  `ABC4` varchar(40) COLLATE utf8_unicode_ci DEFAULT NULL,
  `PLOC5` varchar(40) COLLATE utf8_unicode_ci DEFAULT NULL,
  `ENTERTAINMENT_ALLOWANCE` varchar(40) COLLATE utf8_unicode_ci DEFAULT NULL,
  `CURRENCY5` varchar(40) COLLATE utf8_unicode_ci DEFAULT NULL,
  `ABM5` varchar(40) COLLATE utf8_unicode_ci DEFAULT NULL,
  `ABC5` varchar(40) COLLATE utf8_unicode_ci DEFAULT NULL,
  `PLOC6` varchar(40) COLLATE utf8_unicode_ci DEFAULT NULL,
  `MEDICAL_ALLOWANCE` varchar(40) COLLATE utf8_unicode_ci DEFAULT NULL,
  `CURRENCY6` varchar(40) COLLATE utf8_unicode_ci DEFAULT NULL,
  `ABM6` varchar(40) COLLATE utf8_unicode_ci DEFAULT NULL,
  `ABC6` varchar(40) COLLATE utf8_unicode_ci DEFAULT NULL,
  `PLOC7` varchar(40) COLLATE utf8_unicode_ci DEFAULT NULL,
  `ANNUAL_BONUS` varchar(40) COLLATE utf8_unicode_ci DEFAULT NULL,
  `CURRENCY7` varchar(40) COLLATE utf8_unicode_ci DEFAULT NULL,
  `ABM7` varchar(40) COLLATE utf8_unicode_ci DEFAULT NULL,
  `ABC7` varchar(40) COLLATE utf8_unicode_ci DEFAULT NULL,
  `OTHER_BENEFIT` varchar(80) COLLATE utf8_unicode_ci DEFAULT NULL,
  `SALARY_REMARKS` varchar(80) COLLATE utf8_unicode_ci DEFAULT NULL,
  `AUTH_IMAGE` varchar(60) COLLATE utf8_unicode_ci DEFAULT NULL,
  `FORWARDING_LETTER` varchar(255) COLLATE utf8_unicode_ci DEFAULT NULL,
  `MP_LOC_EXECUTIVE` float DEFAULT NULL,
  `MP_LOC_STAFF` float DEFAULT NULL,
  `MP_LOC_TOTAL` float DEFAULT NULL,
  `FOR_LOC_EXECUTIVE` float DEFAULT NULL,
  `FOR_LOC_STAFF` float DEFAULT NULL,
  `FOR_LOC_TOTAL` float DEFAULT NULL,
  `GRAND_TOTAL` float DEFAULT NULL,
  `RAT_LOC` float DEFAULT NULL,
  `RAT_FOR` float DEFAULT NULL,
  `AUTH_FULL_NAME` varchar(65) COLLATE utf8_unicode_ci DEFAULT NULL,
  `AUTH_EMAIL` varchar(65) COLLATE utf8_unicode_ci DEFAULT NULL,
  `AUTH_MOBILE` varchar(65) COLLATE utf8_unicode_ci DEFAULT NULL,
  `ENTRY_DT` datetime DEFAULT NULL,
  `external_source` tinyint(3) DEFAULT NULL,
  `created_at` timestamp NOT NULL DEFAULT '0000-00-00 00:00:00',
  `updated_at` timestamp NOT NULL DEFAULT '0000-00-00 00:00:00',
  `updated_by` int(11) NOT NULL,
  PRIMARY KEY (`app_id`),
  UNIQUE KEY `track_no` (`track_no`)
) ENGINE=InnoDB DEFAULT CHARSET=utf8 COLLATE=utf8_unicode_ci;